1.531761427235734351e-02,4.028519184892338512e-01,-5.720246026875813738e-01,-7.024554462926063669e-01,-1.402035887460755248e-01,1.082987350618718619e-01,-3.937464060290601919e-01,4.089043665551950757e-01,-7.668425788806453314e-01,-1.340690069589382527e-01,0.000000000000000000e+00
2.593609135449478215e-02,4.048096077195898479e-01,-5.668698557811243655e-01,-7.139209655551901346e-01,-1.405973674387500649e-01,1.253373987473006823e-01,-4.052105692093808109e-01,4.045572090826116129e-01,-7.887745576563657268e-01,-1.403432465275682439e-01,0.000000000000000000e+00
2.607993835331650148e-02,4.049027304667167093e-01,-5.673160339443706901e-01,-7.152088067333701726e-01,-1.406662980007577779e-01,1.268287247145936658e-01,-4.073927403489663868e-01,4.044764064689341798e-01,-7.916004845902110398e-01,-1.416793439009758626e-01,0.000000000000000000e+00
2.625011697293106600e-02,4.050814817488164188e-01,-5.677683518607000712e-01,-7.163293855617781647e-01,-1.400076809398156930e-01,1.270180310442489136e-01,-4.074555350029337442e-01,4.044075684218426670e-01,-7.917863322159930384e-01,-1.433014900629158428e-01,0.000000000000000000e+00
2.638562195108260303e-02,4.053221172954580842e-01,-5.675826025287883381e-01,-7.176030579949058685e-01,-1.389816195456409775e-01,1.269477085086488932e-01,-4.071750625208261365e-01,4.042952789517061385e-01,-7.912661365906771271e-01,-1.449905221714702652e-01,0.000000000000000000e+00
2.626584294483960691e-02,4.050438308717860258e-01,-5.665910035339279949e-01,-7.178090405771646587e-01,-1.376471248171781403e-01,1.267433830258830607e-01,-4.070075808718830457e-01,4.041347791354382157e-01,-7.906774589812317622e-01,-1.460536315821326370e-01,0.000000000000000000e+00
2.609262628244100185e-02,4.046428380531522095e-01,-5.655491885285746090e-01,-7.189620414321549191e-01,-1.362779744507890134e-01,1.264825915902582643e-01,-4.071187277465598275e-01,4.039377823170539616e-01,-7.894414820111508302e-01,-1.465099699584831439e-01,0.000000000000000000e+00
2.580440354945299011e-02,4.042339408570784776e-01,-5.653837655478982649e-01,-7.181211047034452566e-01,-1.357766780795428563e-01,1.263869369800123266e-01,-4.071587499528770970e-01,4.042351036758203287e-01,-7.887036617931811877e-01,-1.462053641409732374e-01,0.000000000000000000e+00
2.515120435544369870e-02,4.039876628308079476e-01,-5.655407092422876092e-01,-7.174075208406699433e-01,-1.361145374335759328e-01,1.262663553151224249e-01,-4.071177685789650336e-01,4.042638647450733091e-01,-7.883732585656821890e-01,-1.461350168083658252e-01,0.000000000000000000e+00
2.398582253530064795e-02,4.038601643358475379e-01,-5.669138579542245537e-01,-7.158870485290801389e-01,-1.369109785271848678e-01,1.261861775845460332e-01,-4.072242642626819897e-01,4.046588697938881540e-01,-7.877232131118431235e-01,-1.461914453010176862e-01,0.000000000000000000e+00
2.338169437201739753e-02,4.039737179187642413e-01,-5.684711600146590271e-01,-7.155095369654445037e-01,-1.376159161170242562e-01,1.260471994827465081e-01,-4.074549609433464892e-01,4.056727736028870046e-01,-7.866456909549477405e-01,-1.457909999164835047e-01,0.000000000000000000e+00
2.272730392176495334e-02,4.042876040970604934e-01,-5.701777314251544881e-01,-7.152131838376973860e-01,-1.387005661991265182e-01,1.257758562706742800e-01,-4.075063457389286325e-01,4.067072372475623032e-01,-7.854569604670450511e-01,-1.452356316426644256e-01,0.000000000000000000e+00
2.222853792884654095e-02,4.046204823964380526e-01,-5.705056304928457500e-01,-7.155205230677447181e-01,-1.388143890258194402e-01,1.252893488329684391e-01,-4.074750765824405874e-01,4.071372327366352128e-01,-7.845505943736311716e-01,-1.452315470046841583e-01,0.000000000000000000e+00
2.199405756516567556e-02,4.048774059885735244e-01,-5.709384496927984998e-01,-7.152735857155511079e-01,-1.388657355672751059e-01,1.250656215758249035e-01,-4.074585245733046701e-01,4.078371995183914800e-01,-7.839296510595452627e-01,-1.448329340069651472e-01,0.000000000000000000e+00
2.133405226916040495e-02,4.051047606212501706e-01,-5.718466474327686955e-01,-7.150210926021142166e-01,-1.414706807609322214e-01,1.251201472688516780e-01,-4.075543360640307977e-01,4.083245429097112078e-01,-7.828318054282925598e-01,-1.430721866529605923e-01,0.000000000000000000e+00
2.137341918504281207e-02,4.052587250586521250e-01,-5.719926649697388843e-01,-7.150324976168103142e-01,-1.423993534772783343e-01,1.250091238900646329e-01,-4.071341531027171667e-01,4.086264823165569604e-01,-7.816640872737262713e-01,-1.418604916973681684e-01,0.000000000000000000e+00
2.110418424625798428e-02,4.057892272659503474e-01,-5.728449424629905584e-01,-7.156044391120212067e-01,-1.443561053713230402e-01,1.252624920808970144e-01,-4.071962169270330056e-01,4.088760618488584964e-01,-7.808659204210706140e-01,-1.406773736015023701e-01,0.000000000000000000e+00
2.113119263303092632e-02,4.063611033475843515e-01,-5.730271712305750054e-01,-7.159818548985004139e-01,-1.456172290830692606e-01,1.249987719315158730e-01,-4.066577448305702669e-01,4.086332271841941477e-01,-7.796063985723340473e-01,-1.398135121494555322e-01,0.000000000000000000e+00
2.122941213764506854e-02,4.066674546181615058e-01,-5.730701136088928171e-01,-7.169851032601352037e-01,-1.463129598906988404e-01,1.247260503647073526e-01,-4.062919670478059020e-01,4.080674518918256943e-01,-7.780535468211292605e-01,-1.392697910626142510e-01,0.000000000000000000e+00
2.143499492064225923e-02,4.073256183820003207e-01,-5.737257453553071818e-01,-7.176285617543775031e-01,-1.469846292362750051e-01,1.245125393168536182e-01,-4.059708287510959690e-01,4.080080950051945821e-01,-7.768706919688693757e-01,-1.391819813873630685e-01,0.000000000000000000e+00
2.154717312132327367e-02,4.077433765003933286e-01,-5.745060739207615841e-01,-7.187040958125937573e-01,-1.483538573083133250e-01,1.247768459165467247e-01,-4.057496521273066814e-01,4.077838932577819708e-01,-7.754697794136947708e-01,-1.376818837282246799e-01,0.000000000000000000e+00
2.160324357977502080e-02,4.081932805536409026e-01,-5.749001928795616223e-01,-7.192490650225575877e-01,-1.492674212964207048e-01,1.245171822436287878e-01,-4.054098704467562486e-01,4.076549176317336154e-01,-7.739542649864905588e-01,-1.366711750099434408e-01,0.000000000000000000e+00
2.177629183871176641e-02,4.086728464114526838e-01,-5.747555297844044730e-01,-7.205947947134331288e-01,-1.496251961398918362e-01,1.242026997775259184e-01,-4.052372990479746750e-01,4.073133458195201118e-01,-7.727030147213489464e-01,-1.354490958144081714e-01,0.000000000000000000e+00
2.198010996893384403e-02,4.091281216075358107e-01,-5.744724812890551480e-01,-7.213315173956713622e-01,-1.501063328940391572e-01,1.241501590074715056e-01,-4.049234173090293099e-01,4.069199001880809963e-01,-7.719631918763011358e-01,-1.347285898284062977e-01,0.000000000000000000e+00
2.217662037301000588e-02,4.093946544621854811e-01,-5.732705968234684812e-01,-7.216929478424946032e-01,-1.499646549633976977e-01,1.235204575871602373e-01,-4.045056777406635939e-01,4.066453892659763203e-01,-7.709467063095948314e-01,-1.339590658675679502e-01,0.000000000000000000e+00
2.237368335633820385e-02,4.099583838451953399e-01,-5.735658406431364265e-01,-7.221382165447022272e-01,-1.518613538271850749e-01,1.235893544010451123e-01,-4.041557664403806482e-01,4.063680519670974656e-01,-7.700033675172945902e-01,-1.327321693973155248e-01,0.000000000000000000e+00
2.238508748901515966e-02,4.104466246334693147e-01,-5.740863811479718359e-01,-7.221003719981176072e-01,-1.530683406150974146e-01,1.235532693314862207e-01,-4.038815692382575206e-01,4.060207091586742201e-01,-7.692551879261340098e-01,-1.317692857242510895e-01,0.000000000000000000e+00
2.201036381411090176e-02,4.105549569956624678e-01,-5.749209869709820397e-01,-7.205864419640227725e-01,-1.545913854982211288e-01,1.235642023022312380e-01,-4.036767676826359397e-01,4.059137806880013244e-01,-7.690883943215013341e-01,-1.306521795323113688e-01,0.000000000000000000e+00
2.167975296650968137e-02,4.103858653313530724e-01,-5.746276565445771478e-01,-7.194246876499192922e-01,-1.551077277023429069e-01,1.235441209748630309e-01,-4.034488148129093399e-01,4.055190657356603778e-01,-7.691968547591270244e-01,-1.299093079466051848e-01,0.000000000000000000e+00
2.165444742341462309e-02,4.103478397516222564e-01,-5.743694770733424049e-01,-7.189606514608083421e-01,-1.560238495260505842e-01,1.237765838110411326e-01,-4.031472525523436268e-01,4.046822561454710976e-01,-7.693621930412786192e-01,-1.287426261281267859e-01,0.000000000000000000e+00
2.163976490883311524e-02,4.102964393887761352e-01,-5.742818252453930628e-01,-7.189596304816217032e-01,-1.567465468819405627e-01,1.239781694597720946e-01,-4.031181207856358584e-01,4.040626847302973834e-01,-7.690597443549949119e-01,-1.274574977163968892e-01,0.000000000000000000e+00
2.175214273295919543e-02,4.103301990491759477e-01,-5.740282470570692297e-01,-7.185250867066993452e-01,-1.572499285613155051e-01,1.241302611308161552e-01,-4.027234589836369838e-01,4.035164264799983580e-01,-7.689467957163844680e-01,-1.264342580690278328e-01,0.000000000000000000e+00
2.210189350464795977e-02,4.109384919619722965e-01,-5.738281744681860141e-01,-7.189611252337579916e-01,-1.584667990388583247e-01,1.241960847230755421e-01,-4.023137934487203138e-01,4.027662816159383041e-01,-7.691928540377187540e-01,-1.255202519319095766e-01,0.000000000000000000e+00
2.282650765216071714e-02,4.118161446492266120e-01,-5.740210464273306501e-01,-7.196291024655665503e-01,-1.605570878532771861e-01,1.244760099029144501e-01,-4.018125924076064170e-01,4.020139770238140842e-01,-7.693829539988303878e-01,-1.240224923414027514e-01,0.000000000000000000e+00
2.328367257249187861e-02,4.131795734865317815e-01,-5.748229051834453651e-01,-7.211315419850106156e-01,-1.627248169710796832e-01,1.246104495749538327e-01,-4.013411478929444498e-01,4.010869105300114978e-01,-7.695319944417261526e-01,-1.229025361759032431e-01,0.000000000000000000e+00
2.395474808690590401e-02,4.146948532529419196e-01,-5.759803666927026944e-01,-7.223992177585447649e-01,-1.649240172425702755e-01,1.246741148561744811e-01,-4.008594226962409746e-01,4.008217921633585035e-01,-7.696729010177041364e-01,-1.214509937721671151e-01,0.000000000000000000e+00
2.469769905440834246e-02,4.160719148665586453e-01,-5.764627987376060858e-01,-7.246051523173255848e-01,-1.668743763462075813e-01,1.246512404706956872e-01,-4.004743008894511291e-01,3.999517450526031692e-01,-7.692516469162808956e-01,-1.203186216237938228e-01,0.000000000000000000e+00
2.545418068406948842e-02,4.174205074577704844e-01,-5.764758053555303352e-01,-7.264207877252966128e-01,-1.685973044770292528e-01,1.247898805198040112e-01,-3.998711243015376504e-01,3.987021012223967986e-01,-7.695664340873354936e-01,-1.195493440904053378e-01,0.000000000000000000e+00
2.629978143364192916e-02,4.187896409070053227e-01,-5.760583097990757961e-01,-7.290566936559786937e-01,-1.709419688988201291e-01,1.249190828940922593e-01,-3.995212401264123248e-01,3.979142748744234903e-01,-7.696244729414402075e-01,-1.186019960447114163e-01,0.000000000000000000e+00
2.736829850468385644e-02,4.205550443689555218e-01,-5.763332474470213018e-01,-7.317178129311997514e-01,-1.731290210703313737e-01,1.249396251506977445e-01,-3.987861603667798294e-01,3.964211687895511926e-01,-7.694297425828259263e-01,-1.181921546069040069e-01,0.000000000000000000e+00
2.866647639701722788e-02,4.225576117311011792e-01,-5.758486556232328413e-01,-7.370899398329099350e-01,-1.753813190665424182e-01,1.249007648938365300e-01,-3.985201772827673405e-01,3.958043057591853486e-01,-7.694242410333672622e-01,-1.173970814156528181e-01,0.000000000000000000e+00
3.040396758640875885e-02,4.247067330821384656e-01,-5.748685622471264578e-01,-7.425803007424746083e-01,-1.775767765895223949e-01,1.248672479679920899e-01,-3.977379077874440561e-01,3.946092264489160506e-01,-7.687402837586533311e-01,-1.158756012884443326e-01,0.000000000000000000e+00
3.200705345549674508e-02,4.274857760245567850e-01,-5.747464762542728867e-01,-7.489859184557067229e-01,-1.801223093033381129e-01,1.243678611179981214e-01,-3.968648158882761567e-01,3.938749812431110442e-01,-7.679834829723122258e-01,-1.145912693003007105e-01,0.000000000000000000e+00
3.469437898934014941e-02,4.310962406684797354e-01,-5.735072762444286543e-01,-7.594378977928705199e-01,-1.833148992547298795e-01,1.242111174729841061e-01,-3.961281407132871690e-01,3.926630778535188937e-01,-7.676304403979498092e-01,-1.127636227877945874e-01,0.000000000000000000e+00
3.727629495490533684e-02,4.348801252794366468e-01,-5.716380149300174240e-01,-7.698096914593683948e-01,-1.860402178415726249e-01,1.235791749141047779e-01,-3.948624097941257904e-01,3.911204506628906952e-01,-7.666330576021266330e-01,-1.106923904107439682e-01,0.000000000000000000e+00
4.028954289416304679e-02,4.388541917572749695e-01,-5.681557925966032041e-01,-7.812893751135662201e-01,-1.875479506143142849e-01,1.228893694693799082e-01,-3.934236578161945941e-01,3.893889562579648800e-01,-7.663836210755966549e-01,-1.088134649633763357e-01,0.000000000000000000e+00
4.331553026663988865e-02,4.439204839074089026e-01,-5.637975411548952209e-01,-7.971443621813268932e-01,-1.903905691007224676e-01,1.217378957854025195e-01,-3.922136874551416241e-01,3.875332693418933605e-01,-7.660248988392179825e-01,-1.053659978578996848e-01,0.000000000000000000e+00
4.431180220153042859e-02,4.491761711724494011e-01,-5.573286964277578415e-01,-8.173629312784864709e-01,-1.934306121814152180e-01,1.207244296777698483e-01,-3.912223446346278499e-01,3.849364509171345206e-01,-7.657977206514698931e-01,-1.016361404583977779e-01,0.000000000000000000e+00
3.952967784238475835e-02,4.567878064254963788e-01,-5.480330782431795944e-01,-8.490289011093239413e-01,-1.978938167200442466e-01,1.207031084559063994e-01,-3.909279216423285908e-01,3.837228296041089171e-01,-7.661825547700117367e-01,-9.730074846215025497e-02,0.000000000000000000e+00
2.567386283889824122e-02,4.669245042756909325e-01,-5.296145661033700991e-01,-8.976498401333502519e-01,-2.057462857695837311e-01,1.210592993752604152e-01,-3.913467213111060938e-01,3.818036415111609738e-01,-7.681295685648532601e-01,-9.335492875620156339e-02,0.000000000000000000e+00
1.785747283483346548e-02,4.756911589046952105e-01,-5.142570845971063953e-01,-9.341179962747622190e-01,-2.072697914081635118e-01,1.205104118793284274e-01,-3.920703432353950246e-01,3.813000436631319712e-01,-7.696232197253608520e-01,-9.083981786046270435e-02,0.000000000000000000e+00
1.766610295857087495e-02,4.849438670914194560e-01,-4.968359939339920817e-01,-9.682773678803994200e-01,-2.087624857047313820e-01,1.210132467907220344e-01,-3.919177165156160769e-01,3.790402102120415395e-01,-7.699155539192029662e-01,-8.599599183510338307e-02,0.000000000000000000e+00
1.911443240521422393e-02,4.935587600922685114e-01,-4.746721603862146810e-01,-1.003057572426394151e+00,-2.067976193134201113e-01,1.222273639046303068e-01,-3.913369794863081896e-01,3.757915442830627728e-01,-7.694578142919290542e-01,-8.359509737988998768e-02,0.000000000000000000e+00
2.041795195967373300e-02,5.017149970396119762e-01,-4.403465316377682126e-01,-1.044917584520105303e+00,-2.048085890318710189e-01,1.249316463775752700e-01,-3.888499267298174411e-01,3.701982853962903497e-01,-7.705840076456612620e-01,-8.222462128494101297e-02,0.000000000000000000e+00
2.153122423345959352e-02,5.109555492610972083e-01,-4.177735989985070786e-01,-1.077108471745250817e+00,-2.022562461408493883e-01,1.261643756391121474e-01,-3.881992711777070837e-01,3.670693538155263003e-01,-7.704717767739934775e-01,-8.200802705865149755e-02,0.000000000000000000e+00
2.187396204693379739e-02,5.223738964798834150e-01,-3.870112601689808529e-01,-1.121865262488634940e+00,-1.997210490424960461e-01,1.277742120666268688e-01,-3.865487022320046595e-01,3.634995739006904869e-01,-7.681200884323824418e-01,-7.556289446783910624e-02,0.000000000000000000e+00
2.156213124984969129e-02,5.364002409395203230e-01,-3.321767706967595490e-01,-1.192945629529028162e+00,-1.989328365226677164e-01,1.310407949993542820e-01,-3.839003322920393479e-01,3.552130179505236240e-01,-7.624590813249216836e-01,-6.532424994323014766e-02,0.000000000000000000e+00
2.557142876917970625e-02,5.491172823915140278e-01,-2.791887747125322283e-01,-1.267896041185390565e+00,-1.936411380041442309e-01,1.342006255996655573e-01,-3.793880874836842443e-01,3.473860665517890522e-01,-7.602605097379641075e-01,-5.831224363514016934e-02,0.000000000000000000e+00
2.242221466517282588e-02,5.618210915868151467e-01,-2.378847559161904879e-01,-1.328860094352272592e+00,-1.913879067901493314e-01,1.372017856408362657e-01,-3.740826464717101896e-01,3.390199936563533245e-01,-7.544083304122061184e-01,-5.063840924943834032e-02,0.000000000000000000e+00
1.766975594638649921e-02,5.696257912131659218e-01,-1.778005937445415463e-01,-1.403036226924249563e+00,-1.808482189427569886e-01,1.389494943760211931e-01,-3.686635487167647662e-01,3.318529007588190693e-01,-7.503951413218874489e-01,-4.305651074569093184e-02,0.000000000000000000e+00
8.963947581463717340e-03,5.780596629487094740e-01,-1.229326821877706755e-01,-1.472929537859131832e+00,-1.751671753995710512e-01,1.416690799850174876e-01,-3.648450269785831757e-01,3.229833025545987280e-01,-7.444246643629394145e-01,-3.670965983372107000e-02,0.000000000000000000e+00
3.260405693021684384e-03,5.864317789196360486e-01,-6.618112762801314775e-02,-1.544488710780287377e+00,-1.576349505452314947e-01,1.428695825875964664e-01,-3.603945491345617036e-01,3.183495298202229096e-01,-7.429778325711139386e-01,-3.177174375881499507e-02,0.000000000000000000e+00
-1.392608570106886566e-02,5.876251068726217053e-01,-5.789960691909880330e-04,-1.618078539220503487e+00,-1.405751306796493294e-01,1.450641669398536060e-01,-3.567249119184002226e-01,3.070197307861705638e-01,-7.339326609212857289e-01,-2.846884892222515534e-02,0.000000000000000000e+00
-2.992983184621202108e-02,5.907734795830640318e-01,5.878213910103108342e-02,-1.671689033965468640e+00,-1.298512917790985433e-01,1.444470360168828571e-01,-3.528272633618157461e-01,3.002795901918882127e-01,-7.288865393733415798e-01,-2.648565949933852012e-02,0.000000000000000000e+00
-4.305886920400711637e-02,5.988401649676389216e-01,9.047855748661606801e-02,-1.700384965340849375e+00,-1.277166652202866848e-01,1.459197308457080289e-01,-3.532758623980362112e-01,2.968358632328659263e-01,-7.274999526273390194e-01,-2.129544610960647927e-02,0.000000000000000000e+00
-7.000211045132663512e-02,6.017586705861266427e-01,1.516459252288250292e-01,-1.743282253979508756e+00,-1.225112465585650456e-01,1.449843209188578785e-01,-3.537545858775842933e-01,2.901464353866191059e-01,-7.208358137253995102e-01,-1.907998310035161765e-02,0.000000000000000000e+00
-9.630314773919863847e-02,6.078221561096562864e-01,2.036828478920706398e-01,-1.783869671677992930e+00,-1.231441463427768862e-01,1.442046342637079426e-01,-3.538855142568623768e-01,2.848341201847805482e-01,-7.157243799008974339e-01,-1.998556168849016657e-02,0.000000000000000000e+00
-1.230082831390440778e-01,6.163543264079310857e-01,2.535084853712835096e-01,-1.819494884555118652e+00,-1.295077686695970953e-01,1.432451312126359066e-01,-3.545123481619842920e-01,2.801077041199546147e-01,-7.099132323281402979e-01,-2.262171020854187101e-02,0.000000000000000000e+00
-1.441834444511067292e-01,6.267346397151106752e-01,2.931641687951234698e-01,-1.850726857240593715e+00,-1.322905715154287787e-01,1.430693634881438359e-01,-3.569323534735222014e-01,2.790464434616400924e-01,-7.086436524767284473e-01,-2.225107052170051392e-02,0.000000000000000000e+00
-1.769393735964980285e-01,6.332297551852918982e-01,3.456262754422828598e-01,-1.885952731102951585e+00,-1.431422537570505027e-01,1.409353732954518601e-01,-3.582450872110570228e-01,2.741615012081407010e-01,-7.029112700668420644e-01,-2.181963401962553478e-02,0.000000000000000000e+00
-2.007212757602694353e-01,6.404247152817134081e-01,3.835445796683759068e-01,-1.916888493289661710e+00,-1.525052362099384995e-01,1.384257687397830172e-01,-3.606585690196938976e-01,2.720609063632846158e-01,-6.990895570252548819e-01,-2.211727653094652107e-02,0.000000000000000000e+00
-2.294957559248371748e-01,6.462550565453096807e-01,4.202222802585685590e-01,-1.946696984237918482e+00,-1.652437240514492700e-01,1.362667478283252076e-01,-3.626704916161851977e-01,2.696729049008994572e-01,-6.955531782800492557e-01,-2.143981880609639040e-02,0.000000000000000000e+00
-2.558181607901370280e-01,6.522877444768184763e-01,4.547966970836453404e-01,-1.978648157027885546e+00,-1.831617914289910831e-01,1.342523856938967752e-01,-3.639322807976904106e-01,2.674385436082337142e-01,-6.927391850386235284e-01,-2.057959108298795803e-02,0.000000000000000000e+00
-2.821009481495150295e-01,6.589420546167379378e-01,4.843843565441348087e-01,-2.009448597249286372e+00,-2.026070752440694289e-01,1.326099005314571588e-01,-3.662470916201528981e-01,2.649995998655241825e-01,-6.902834871744035761e-01,-2.010592554957496558e-02,0.000000000000000000e+00
-3.065418228665900968e-01,6.638070389926878923e-01,5.137330879603099199e-01,-2.037125663087049787e+00,-2.213916549162982805e-01,1.321745982224837024e-01,-3.677126856033864355e-01,2.618320092558864554e-01,-6.881085153796521192e-01,-1.897319978986826416e-02,0.000000000000000000e+00
-3.291733205554673858e-01,6.697350598526459198e-01,5.366247149977687592e-01,-2.065735842380763465e+00,-2.410760756344570710e-01,1.321110794522989129e-01,-3.697294148484345788e-01,2.598409729475967822e-01,-6.873571023025786264e-01,-1.976452560793014526e-02,0.000000000000000000e+00
-3.474682849729227030e-01,6.754752208266527891e-01,5.543846139460546496e-01,-2.089088634362307406e+00,-2.553220564205260223e-01,1.317260542683097446e-01,-3.717854536525219133e-01,2.588189982480519347e-01,-6.872089232371253464e-01,-2.096181616445185608e-02,0.000000000000000000e+00
-3.630302862986973800e-01,6.791777335254014503e-01,5.687685750847117916e-01,-2.110048229347771365e+00,-2.685649198647695468e-01,1.310123723405669238e-01,-3.727218961701525002e-01,2.566246627428663274e-01,-6.858812184189505556e-01,-2.176334179539909236e-02,0.000000000000000000e+00
-3.768117813930538240e-01,6.820159869148010312e-01,5.828972028280807738e-01,-2.125509252128853888e+00,-2.830626436882358599e-01,1.305403106409749880e-01,-3.737679655822715996e-01,2.541051526798975835e-01,-6.842178108836703965e-01,-2.078568353588782294e-02,0.000000000000000000e+00
-3.890409195792001729e-01,6.843012647773860646e-01,5.942646977037643330e-01,-2.139714075758310852e+00,-2.960135893429849951e-01,1.292203526983838058e-01,-3.747512777283762975e-01,2.535745424273999071e-01,-6.813816723814659637e-01,-1.915686052984491572e-02,0.000000000000000000e+00
-3.982211752107894798e-01,6.875788756601738383e-01,5.978143786229350720e-01,-2.152073233124307539e+00,-3.047800987773312542e-01,1.274897424387214095e-01,-3.776111328844564685e-01,2.545966887478159357e-01,-6.786627247705019350e-01,-1.877173619664062459e-02,0.000000000000000000e+00
-4.066140519720236046e-01,6.889836249141118030e-01,6.039961733733681948e-01,-2.164180904151638440e+00,-3.180811976105281658e-01,1.261727298406954689e-01,-3.789406874184281238e-01,2.525529654053584871e-01,-6.743233306362426127e-01,-2.032642371265768605e-02,0.000000000000000000e+00
-4.122628935937187600e-01,6.924130619152693011e-01,6.125913272997891568e-01,-2.173981883228455203e+00,-3.262330089466041194e-01,1.266322280610233941e-01,-3.799831206870514788e-01,2.524257633842800219e-01,-6.723575846395082323e-01,-2.078416415721563021e-02,0.000000000000000000e+00
-4.168738836391255309e-01,6.961533947508484754e-01,6.199153681455074061e-01,-2.181141368869266906e+00,-3.327218048470541034e-01,1.271353737256486205e-01,-3.807097072553924932e-01,2.530060444651968110e-01,-6.717343188787012753e-01,-2.092349438011734813e-02,0.000000000000000000e+00
-4.221819957550919100e-01,6.993188223383055568e-01,6.257476650664189899e-01,-2.188151137075782682e+00,-3.443890513384291197e-01,1.279579942529065484e-01,-3.816452660772808314e-01,2.526696357607955967e-01,-6.706669116142486287e-01,-2.073278827823036435e-02,0.000000000000000000e+00
-4.268605068764873001e-01,7.022202986220206222e-01,6.316012880227209747e-01,-2.191235475799016896e+00,-3.513749958523696426e-01,1.287484884235701732e-01,-3.818816157600966044e-01,2.527503444382014908e-01,-6.706714328113773105e-01,-2.155874201278270424e-02,0.000000000000000000e+00
-4.310802058575857743e-01,7.057840014905628623e-01,6.367954379623711469e-01,-2.192937382231968435e+00,-3.590013743224845233e-01,1.291764135461591356e-01,-3.819277018959345571e-01,2.517621092077964584e-01,-6.718552233953141162e-01,-2.142343149554272116e-02,0.000000000000000000e+00
-4.338451528208180918e-01,7.105586985003381484e-01,6.412238538224616091e-01,-2.190578389251614855e+00,-3.675057079948373939e-01,1.294101985784686659e-01,-3.808938308828004327e-01,2.513849506592838456e-01,-6.737229517466529760e-01,-2.156377317957508533e-02,0.000000000000000000e+00
-4.380654017205425355e-01,7.157715208713927302e-01,6.447657337618126761e-01,-2.188841583789540746e+00,-3.746207725001569067e-01,1.303737052102068028e-01,-3.800967558238133037e-01,2.509223412107146611e-01,-6.752560824929019212e-01,-1.958511141196886407e-02,0.000000000000000000e+00
-4.425956004674256872e-01,7.210244444803023400e-01,6.501446079648791621e-01,-2.190452169327751442e+00,-3.898866008755919044e-01,1.302137962079858713e-01,-3.792255579513448271e-01,2.502473534103395458e-01,-6.740522227532765864e-01,-1.955040309607657123e-02,0.000000000000000000e+00
-4.481440359901483483e-01,7.257592328668801551e-01,6.549145345273363894e-01,-2.189877602335483786e+00,-3.995330989003307853e-01,1.306352724232074380e-01,-3.778978518900027450e-01,2.498591427016227939e-01,-6.749153024073832885e-01,-2.400912059398251780e-02,0.000000000000000000e+00
-4.533350526122804092e-01,7.325639088959373657e-01,6.573109486352796127e-01,-2.189284809181742730e+00,-4.073656570426484325e-01,1.308834521217640268e-01,-3.781139565441691830e-01,2.491392937478239256e-01,-6.758766768298400951e-01,-2.560329882165678778e-02,0.000000000000000000e+00
-4.587648765361901915e-01,7.411558494624111981e-01,6.611255836868411562e-01,-2.187453106465528929e+00,-4.186527664072017263e-01,1.304997016208830629e-01,-3.770405959410149666e-01,2.476510598597114199e-01,-6.749735475181071198e-01,-2.590456865329018865e-02,0.000000000000000000e+00
-4.654089204685574188e-01,7.496922416908367026e-01,6.658689220208109383e-01,-2.185447795176140851e+00,-4.300719766416459255e-01,1.297185322822921594e-01,-3.762558673207527238e-01,2.456554596279109659e-01,-6.740272761071575136e-01,-2.500960677932145132e-02,0.000000000000000000e+00
-4.714276520772276435e-01,7.599767835111476133e-01,6.689524779152230538e-01,-2.183224277296098137e+00,-4.388722698973937519e-01,1.293909679635491250e-01,-3.759335138992273562e-01,2.431032048705324133e-01,-6.740002648370062577e-01,-2.563246013663426914e-02,0.000000000000000000e+00
-4.767058654289985653e-01,7.715625239518282275e-01,6.710450409875524658e-01,-2.181153516084760380e+00,-4.457535853836490092e-01,1.295573232935853525e-01,-3.758993136619222519e-01,2.410373048513602956e-01,-6.745377429115184675e-01,-2.597221254495008305e-02,0.000000000000000000e+00
-4.827494566496162154e-01,7.808479344404335443e-01,6.724816109082925042e-01,-2.179496572704969992e+00,-4.543609991534877657e-01,1.293682980624296652e-01,-3.757600962300980396e-01,2.390179458221301789e-01,-6.741478189948163502e-01,-2.573521791332311626e-02,0.000000000000000000e+00
-4.856449938460409843e-01,7.933782260365229710e-01,6.696325736974683140e-01,-2.182673254416984676e+00,-4.607447938671453969e-01,1.292791763707642483e-01,-3.764474428334165235e-01,2.386609947878804705e-01,-6.737662711110988800e-01,-1.997395629141271445e-02,0.000000000000000000e+00
-4.897290437475513847e-01,8.006318678140913470e-01,6.658670848011866150e-01,-2.193716270682021463e+00,-4.686709993844715427e-01,1.291571255512040939e-01,-3.782418027408300798e-01,2.400963891414703844e-01,-6.738162071405336961e-01,-2.302933593501192006e-02,0.000000000000000000e+00
-4.952768488331233954e-01,8.137230141132987260e-01,6.535658213939676831e-01,-2.194799999983066741e+00,-4.704195628971575283e-01,1.313659503483919355e-01,-3.818275785111251985e-01,2.443180427289237122e-01,-6.770671111149688670e-01,-1.932264080888372593e-02,0.000000000000000000e+00
-5.048479317021122847e-01,8.299611930655120817e-01,6.339095527014630971e-01,-2.194799999999999862e+00,-4.748744084225646200e-01,1.328682004396495586e-01,-3.872131379025782194e-01,2.516592722797720838e-01,-6.822654499462069699e-01,-1.877071592283106535e-02,0.000000000000000000e+00
-5.170041121948438789e-01,8.448298155202467186e-01,6.137441401203596048e-01,-2.194799999999999862e+00,-4.850135107219190611e-01,1.340824767276382889e-01,-3.936525902951149014e-01,2.578915525070943904e-01,-6.868329642013580871e-01,-1.586159020586085794e-02,0.000000000000000000e+00
-5.281914529495033150e-01,8.563159037254068906e-01,5.969125263904985212e-01,-2.194799999999999862e+00,-4.942823081471285906e-01,1.354517912902525323e-01,-3.994103985799946077e-01,2.642143373825797670e-01,-6.907147407661847760e-01,-1.349946266597543999e-02,0.000000000000000000e+00
-5.436970762206996266e-01,8.773984142240891515e-01,5.733173493837507850e-01,-2.194799999999999862e+00,-5.026645396954373401e-01,1.378176885540993157e-01,-4.072224633253537229e-01,2.692637313668935772e-01,-6.950241181371830113e-01,-9.436465453380071117e-03,0.000000000000000000e+00
-5.546613222847246449e-01,8.924109544858118692e-01,5.538758490014745739e-01,-2.194799999999999862e+00,-5.091723809062200790e-01,1.402811570424198351e-01,-4.141162699977579686e-01,2.767967311257998331e-01,-6.994572866384866083e-01,-6.623142289792305001e-03,0.000000000000000000e+00
-5.675154663410998390e-01,9.108758709710988999e-01,5.348127106444749979e-01,-2.194799999999999862e+00,-5.198121650481576372e-01,1.435536950290064173e-01,-4.211951618065039593e-01,2.832566080150542565e-01,-7.024826287808078051e-01,-2.831959389412348933e-03,0.000000000000000000e+00
-5.784860385056528331e-01,9.308305006077188803e-01,5.172344431542138521e-01,-2.194799999999999862e+00,-5.308533813011544478e-01,1.447713971493775897e-01,-4.289056585367911900e-01,2.897465328883870872e-01,-7.026787246624964789e-01,-1.864098513151198414e-03,0.000000000000000000e+00
-5.879479501011687370e-01,9.569785949750819753e-01,4.985735893992698231e-01,-2.194799999999999862e+00,-5.456621212641169505e-01,1.465077190615723668e-01,-4.372438703134505222e-01,2.946227931641939857e-01,-7.038167655701299541e-01,3.605033503140397944e-04,0.000000000000000000e+00
-5.921472398938958381e-01,9.766065866686465258e-01,4.854243476695969672e-01,-2.194799999999999862e+00,-5.561502072534610930e-01,1.483770674136907497e-01,-4.439173468134970935e-01,3.014007962963078935e-01,-7.043877519392859332e-01,1.145251435187629764e-03,0.000000000000000000e+00
-5.943599429687402846e-01,9.936654766714125842e-01,4.755223436832538009e-01,-2.194799999999999862e+00,-5.606141610687908061e-01,1.509134743841338833e-01,-4.502875607437990535e-01,3.096339132670716254e-01,-7.076680544700405529e-01,1.358034151876848922e-03,0.000000000000000000e+00
-6.002038036761039308e-01,1.001717915286674643e+00,4.679166022588244767e-01,-2.194799999999999862e+00,-5.598099039365465046e-01,1.524597300457266325e-01,-4.575351368412191033e-01,3.168614391233687821e-01,-7.100438607019180504e-01,7.269114029643869088e-04,0.000000000000000000e+00
-6.022346553716314554e-01,1.012915663040832026e+00,4.657858718815366950e-01,-2.194799999999999862e+00,-5.635699559189720764e-01,1.534102995367168099e-01,-4.618697719782011157e-01,3.220024000543668663e-01,-7.128444930128893242e-01,1.380548447544611285e-03,0.000000000000000000e+00
-6.033878111969379621e-01,1.018091476889440683e+00,4.651378909379236815e-01,-2.194799999999999862e+00,-5.651084148832548060e-01,1.537189112469655450e-01,-4.641768429178296240e-01,3.247025881497277999e-01,-7.162178706266271178e-01,1.467444786221321160e-03,0.000000000000000000e+00
-6.047549229949591432e-01,1.022001510610693886e+00,4.673557098867884285e-01,-2.194799999999999862e+00,-5.696267229505169727e-01,1.537906620102647559e-01,-4.653572216411092644e-01,3.267982528483801552e-01,-7.203728454896667355e-01,2.264642061628308230e-03,0.000000000000000000e+00
-6.104876338864748675e-01,1.025218242662242263e+00,4.707563969200204146e-01,-2.194799999999999862e+00,-5.709414866459463500e-01,1.537815881273721652e-01,-4.698162684085926966e-01,3.292660303320029125e-01,-7.258890632144473498e-01,3.991849754912621569e-03,0.000000000000000000e+00
-6.180512228169827704e-01,1.030865245960786325e+00,4.810099009240628165e-01,-2.194799999999999862e+00,-5.726888744415331578e-01,1.525792747589435061e-01,-4.694273436754378137e-01,3.269645990410692260e-01,-7.275636486420912208e-01,4.501783215559764136e-03,0.000000000000000000e+00
-6.115588319198558276e-01,1.041934050393455324e+00,5.105297429101921525e-01,-2.194799999999999862e+00,-5.829825766314983282e-01,1.495469977763416447e-01,-4.604833870600770207e-01,3.188520178934766136e-01,-7.223582772734074009e-01,5.543341525941642041e-03,0.000000000000000000e+00
-5.914076521014329790e-01,1.045976274493314317e+00,5.453505051624775168e-01,-2.194799999999999862e+00,-5.956933864116940036e-01,1.444834136907835742e-01,-4.447230750688425660e-01,3.089381419389574113e-01,-7.118582849155572490e-01,3.298394504369384864e-03,0.000000000000000000e+00
-5.649623273001262991e-01,1.042307205359707112e+00,5.774805786191418155e-01,-2.194799999999999862e+00,-6.038023330008325251e-01,1.388083056011107652e-01,-4.285144513697812241e-01,2.996879699644749429e-01,-6.994298101388415345e-01,-2.381217067679271618e-04,0.000000000000000000e+00
-5.371298343585241275e-01,1.034052099034501904e+00,6.094028365963382043e-01,-2.194799999999999862e+00,-6.183201445877044566e-01,1.349196146908326344e-01,-4.125218265648511462e-01,2.890760078081355822e-01,-6.872949732902005060e-01,-2.501244447401365645e-03,0.000000000000000000e+00
-5.175429489403132743e-01,1.038073366933006225e+00,6.313683154370887118e-01,-2.169615735585207705e+00,-6.351801021358530752e-01,1.312313527852174977e-01,-4.027377066108813186e-01,2.808399679949954986e-01,-6.766625137082954433e-01,-3.281052460963416323e-03,0.000000000000000000e+00
-5.075696220805641090e-01,1.054607360907871438e+00,6.449508780680583975e-01,-2.112191110751734158e+00,-6.402026936742857277e-01,1.284485378042973247e-01,-3.955515134287885815e-01,2.747153941855952075e-01,-6.704805178848682878e-01,-3.688209964569484633e-03,0.000000000000000000e+00
-4.927294166186710900e-01,1.075385959821184345e+00,6.554670650331070325e-01,-2.001454330944456572e+00,-6.565818999419332780e-01,1.270409446769749373e-01,-3.851373731350261065e-01,2.696788722198117938e-01,-6.658788883192902075e-01,-9.633954630760114407e-03,0.000000000000000000e+00
-4.872979189511765230e-01,1.093488220324412286e+00,6.642291243359756958e-01,-1.906637071390492322e+00,-6.751471009448506422e-01,1.258967595059855560e-01,-3.789107729784025880e-01,2.616059010864639212e-01,-6.610560949404237219e-01,-9.430120611249937987e-03,0.000000000000000000e+00
-4.771244114666207126e-01,1.112614206483130808e+00,6.656885487339473384e-01,-1.799838589648073528e+00,-6.917509625870912338e-01,1.275001191717294591e-01,-3.754367656330082625e-01,2.578977265697472432e-01,-6.588701794905854614e-01,-1.091308062602326483e-02,0.000000000000000000e+00
-4.715986388340717150e-01,1.125374727241598816e+00,6.687956854731648138e-01,-1.695411924246215785e+00,-6.939781396880643216e-01,1.306063700211021750e-01,-3.699000608533747902e-01,2.514312620369905660e-01,-6.585428950762018951e-01,-1.050096332331502784e-02,0.000000000000000000e+00
-4.581875563918643701e-01,1.144288544535202901e+00,6.624594651737142348e-01,-1.584563656286458233e+00,-7.040801768834880070e-01,1.334414904534963198e-01,-3.684096326330901783e-01,2.517988219563427332e-01,-6.607384115032148841e-01,-7.428794789251264019e-03,0.000000000000000000e+00
-4.481677912119885754e-01,1.160281836910743047e+00,6.570233698765792774e-01,-1.514910174218362826e+00,-7.217872261473640139e-01,1.390851647004503755e-01,-3.672670597271164850e-01,2.472781735963146543e-01,-6.694644349809342199e-01,-1.085992885284708422e-02,0.000000000000000000e+00
-4.332876479004702519e-01,1.179983443135961041e+00,6.501416662901120525e-01,-1.404527399558025413e+00,-7.216102975112301809e-01,1.391259627035738300e-01,-3.660077026110238330e-01,2.472163799814038054e-01,-6.714558091363955761e-01,-1.654644414976084998e-02,0.000000000000000000e+00
-4.263853500651756945e-01,1.193230662025498212e+00,6.389108650547992152e-01,-1.328139545398384636e+00,-7.249018705571111942e-01,1.409448617004187831e-01,-3.624128875093346469e-01,2.381088682174101190e-01,-6.727092565345414998e-01,-1.787015786185530003e-02,0.000000000000000000e+00
-4.193782071012306933e-01,1.198929793426534385e+00,6.318693936532873145e-01,-1.258103069080825032e+00,-7.125657141299989172e-01,1.415383127878042102e-01,-3.594575582156775972e-01,2.323389802043022700e-01,-6.688499956452941264e-01,-9.494317387599275973e-03,0.000000000000000000e+00
-4.121222343636045671e-01,1.208406556873018900e+00,6.258868040516103459e-01,-1.209996376558761355e+00,-7.210814551833438779e-01,1.409440122810602380e-01,-3.566563011885197643e-01,2.274825616106822546e-01,-6.656893187787923383e-01,-8.434915984963120908e-03,0.000000000000000000e+00
-4.079684426135833375e-01,1.216482784651377269e+00,6.190078461734483950e-01,-1.171744200292922589e+00,-7.263971019837854870e-01,1.414875650514773320e-01,-3.552612282938311106e-01,2.303773779659275545e-01,-6.637344230787703969e-01,-6.966230763752365510e-03,0.000000000000000000e+00
-4.058826068911903229e-01,1.217340634262763510e+00,6.198164101231352641e-01,-1.147081709678727357e+00,-7.192796564513533886e-01,1.414371599999581786e-01,-3.535960356969287677e-01,2.302733461847146779e-01,-6.647257270789189709e-01,-9.212835663048103349e-03,0.000000000000000000e+00
-4.044231680949472163e-01,1.218299103236251124e+00,6.222216407943498284e-01,-1.138900189025020104e+00,-7.196796316783147240e-01,1.408591236826930992e-01,-3.531921312388026091e-01,2.319640142053921161e-01,-6.625134285888367724e-01,-9.993460652552297804e-03,0.000000000000000000e+00
-4.038439384994412240e-01,1.215903952912063657e+00,6.280357837425211143e-01,-1.139265772532862098e+00,-7.182298199005603401e-01,1.411300556945100926e-01,-3.514482067454857694e-01,2.299116280812662505e-01,-6.609356239597491411e-01,-1.205378635735008912e-02,0.000000000000000000e+00
-4.038898088281762666e-01,1.211279558647601062e+00,6.349214950015545922e-01,-1.151974564199210738e+00,-7.174626788682822998e-01,1.420616326005279539e-01,-3.508621186853376761e-01,2.268908560938789343e-01,-6.604631753425138641e-01,-1.441018175503238144e-02,0.000000000000000000e+00
-4.097310064353372749e-01,1.205956135593662548e+00,6.478400304298123080e-01,-1.195083298331420130e+00,-7.253096897651248876e-01,1.422211381409395903e-01,-3.497025273957138913e-01,2.240089614979956234e-01,-6.581312588780957595e-01,-1.885011053245174567e-02,0.000000000000000000e+00
-4.169991818064716638e-01,1.201022021630715475e+00,6.626662784655323879e-01,-1.246631053446085824e+00,-7.263648914216379593e-01,1.421861675668078251e-01,-3.504337171175922472e-01,2.215756432545930577e-01,-6.581453429234259689e-01,-2.034600445394421295e-02,0.000000000000000000e+00
-4.273161649180920452e-01,1.193190754764400729e+00,6.783717077103483817e-01,-1.304544730739597869e+00,-7.243182843372750757e-01,1.415730861160965914e-01,-3.511419152522804454e-01,2.226874728950388183e-01,-6.601654427749934495e-01,-2.514661570311276656e-02,0.000000000000000000e+00
-4.377734458777672311e-01,1.187297075179673644e+00,6.879205068940846823e-01,-1.357172535261675028e+00,-7.377347202747283061e-01,1.404363183217719191e-01,-3.545051025312032644e-01,2.295821675726451017e-01,-6.647767231703571866e-01,-3.044948909476677401e-02,0.000000000000000000e+00
-4.529927411213890975e-01,1.178562106663530562e+00,6.991815976418181977e-01,-1.429956771954740136e+00,-7.526988248497542555e-01,1.372759026205356281e-01,-3.568008954798433940e-01,2.350219404178485738e-01,-6.646702868384749552e-01,-3.747581960944462720e-02,0.000000000000000000e+00
-4.759468541815028986e-01,1.163461704527379625e+00,7.041055397786672998e-01,-1.540574410505644920e+00,-7.710395482272449641e-01,1.354344785382816940e-01,-3.606843772905132806e-01,2.405860035234677341e-01,-6.624368047098906365e-01,-3.389276850694480925e-02,0.000000000000000000e+00
-4.934496840817004792e-01,1.148114366623437022e+00,7.104822610554865081e-01,-1.612112038735884489e+00,-7.757536218537663952e-01,1.305623339234690539e-01,-3.609068208054404536e-01,2.403504454707285076e-01,-6.548203861357322353e-01,-3.375022467818439981e-02,0.000000000000000000e+00
-5.165701935845115056e-01,1.134160271920272356e+00,7.111525537684042497e-01,-1.723814980676463549e+00,-7.743677211770989555e-01,1.245689179462804441e-01,-3.624974666743437379e-01,2.428892783235697683e-01,-6.465724046263999769e-01,-3.476200490633821194e-02,0.000000000000000000e+00
-5.301700419256354380e-01,1.126390231770041161e+00,7.012379672796767993e-01,-1.831673427170447122e+00,-7.757907124155631884e-01,1.203743149025257170e-01,-3.664965320307045360e-01,2.482998435000892679e-01,-6.513546986146214746e-01,-3.553645007883710072e-02,0.000000000000000000e+00
-5.461328604245880847e-01,1.112272118248879060e+00,6.839971978850796219e-01,-1.971822909624549425e+00,-7.624283594350331761e-01,1.164607828571850856e-01,-3.755889420225594355e-01,2.586333785283179143e-01,-6.510475598776472861e-01,-3.475285954220266177e-02,0.000000000000000000e+00
-5.536608246011558432e-01,1.100711850077648490e+00,6.637209712032796638e-01,-2.071688985637218483e+00,-7.511445541562321582e-01,1.173696109353428163e-01,-3.884192706129246941e-01,2.699525286945086422e-01,-6.548903178217475585e-01,-2.581185887723045150e-02,0.000000000000000000e+00
-5.579114097938771000e-01,1.091477126163870937e+00,6.486388367694964074e-01,-2.130762688668522031e+00,-7.430829299500998353e-01,1.177990413906835482e-01,-3.969888688446240876e-01,2.787452546618663374e-01,-6.591259730402934114e-01,-1.630623057748874921e-02,0.000000000000000000e+00
-5.698816462940352601e-01,1.093900215332427317e+00,6.201806890432601804e-01,-2.194799996895067107e+00,-7.244923012198110079e-01,1.200946599254001240e-01,-4.101874127170092588e-01,2.935855960804624187e-01,-6.707465768324578637e-01,-3.185129546595581382e-03,0.000000000000000000e+00
-5.908905593482620677e-01,1.101807102179622078e+00,5.916566818181104859e-01,-2.194799999999999862e+00,-7.163996443201291475e-01,1.226436881698816095e-01,-4.249520550178627065e-01,3.100522888282414846e-01,-6.814632105733730016e-01,-4.941921860729565907e-05,0.000000000000000000e+00
-6.180214928295644228e-01,1.119967609817167142e+00,5.472845064759821465e-01,-2.194799999999999862e+00,-6.918067914236452065e-01,1.279235039713122468e-01,-4.471715548497379733e-01,3.327299482721746693e-01,-6.982672598006932629e-01,1.052536695691454194e-02,0.000000000000000000e+00
-6.390425137000430578e-01,1.126848330389897068e+00,5.156068068349634048e-01,-2.194799999999999862e+00,-6.796749380545056285e-01,1.339729014455604272e-01,-4.665645530482385173e-01,3.480206222894620671e-01,-7.112589690960926525e-01,1.331546337806032917e-02,0.000000000000000000e+00
-6.606569848916196142e-01,1.126994436643586228e+00,4.849484331977906848e-01,-2.194799999999999862e+00,-6.661272957298768338e-01,1.407020565095137010e-01,-4.838771461127361340e-01,3.601144423612843704e-01,-7.221928937236947732e-01,1.469116640937196371e-02,0.000000000000000000e+00
-6.791000666274024100e-01,1.125525497870235814e+00,4.601324782161358429e-01,-2.194799999999999862e+00,-6.521933552147670676e-01,1.470541629793759297e-01,-4.980613425680823214e-01,3.686683895074815975e-01,-7.305057387644346978e-01,1.548494757531403143e-02,0.000000000000000000e+00
-6.870101640855952319e-01,1.129480783898274776e+00,4.446065551461591547e-01,-2.194799999999999862e+00,-6.524718831995460766e-01,1.510348818803846083e-01,-5.076405828647425622e-01,3.720777277803398730e-01,-7.380343735574487196e-01,1.567046448177436199e-02,0.000000000000000000e+00
-6.907110268228039418e-01,1.129487272017259292e+00,4.387790919895799280e-01,-2.194799999999999862e+00,-6.505888085024974510e-01,1.535267022104157275e-01,-5.104384315860415189e-01,3.726154477152441857e-01,-7.426810255180813503e-01,1.496863202716628219e-02,0.000000000000000000e+00
-6.930356210520194349e-01,1.129040703696628345e+00,4.359392284040687349e-01,-2.194799999999999862e+00,-6.524028450635368515e-01,1.541845280653814099e-01,-5.120253660573120813e-01,3.714092653701696056e-01,-7.450879803913359467e-01,1.344552954047315181e-02,0.000000000000000000e+00
-6.933995024187989964e-01,1.126622456120006222e+00,4.373875998201701698e-01,-2.194799999999999862e+00,-6.558376574135910131e-01,1.536042878383112320e-01,-5.117544923455191741e-01,3.694048916042440012e-01,-7.469772006904191741e-01,1.386599242413239993e-02,0.000000000000000000e+00
-6.928569244711489938e-01,1.123368459246853579e+00,4.461077033583142337e-01,-2.194799999999999862e+00,-6.606758965044491339e-01,1.516155335128131776e-01,-5.087340576420813498e-01,3.651081957888915319e-01,-7.477347726104162096e-01,1.496599346284399785e-02,0.000000000000000000e+00
-6.854269400398390610e-01,1.127180314108640058e+00,4.676329906743403320e-01,-2.194799999999999862e+00,-6.684788425827077329e-01,1.482061018930258267e-01,-4.987036338523353485e-01,3.583678350656682721e-01,-7.447365841056117208e-01,1.498564853631388985e-02,0.000000000000000000e+00
-6.631515309499417254e-01,1.129602213347452366e+00,5.067905993652592755e-01,-2.194799999999999862e+00,-6.841799643596431224e-01,1.421434931060649720e-01,-4.782118642573113809e-01,3.460335879276140725e-01,-7.384310157890774384e-01,1.333479357760819668e-02,0.000000000000000000e+00
-6.420065710168573192e-01,1.126985709348090614e+00,5.438873988248158486e-01,-2.194799999999999862e+00,-6.949721974088255427e-01,1.356444717993496585e-01,-4.569454311864113438e-01,3.338672898060357497e-01,-7.273340098155741673e-01,1.008423301368589764e-02,0.000000000000000000e+00
-6.265160195440718782e-01,1.125989235105516961e+00,5.718946187115708790e-01,-2.194799999999999862e+00,-7.036990846200731342e-01,1.305621949167810047e-01,-4.412585706899274651e-01,3.242503030191914992e-01,-7.186930148457137957e-01,1.010124476119292174e-02,0.000000000000000000e+00
-5.952854007897985245e-01,1.111581277959904801e+00,6.169661683837979194e-01,-2.194799999999999862e+00,-7.329848107251598632e-01,1.245883047027945556e-01,-4.155804173604271678e-01,3.091766095634682632e-01,-7.051497023171402478e-01,-1.317854218325777843e-03,0.000000000000000000e+00
-5.787253347187709673e-01,1.107163188055433789e+00,6.437552733043316877e-01,-2.194142490868551842e+00,-7.426655518619522667e-01,1.218692332918433346e-01,-4.022172989458258630e-01,2.999191789146569698e-01,-6.978178200501721218e-01,-2.178973548988383246e-03,0.000000000000000000e+00
-5.749914256282196989e-01,1.119573706597173590e+00,6.619996252132136494e-01,-2.118960938435087815e+00,-7.522663054485413392e-01,1.198859232178441092e-01,-3.926137459468553303e-01,2.939359985447684842e-01,-6.912927350549350480e-01,-1.025787171477610116e-02,0.000000000000000000e+00
-5.686280275979416210e-01,1.133000599109745599e+00,6.758544501058659781e-01,-2.040752047084414933e+00,-7.576252923342149392e-01,1.192547939559955722e-01,-3.822216367360069533e-01,2.870607488623641013e-01,-6.869087093016916779e-01,-1.351939007762621540e-02,0.000000000000000000e+00
-5.664512576511150366e-01,1.141731230817508047e+00,6.907738428401168918e-01,-1.919509796782649325e+00,-7.636449245099146133e-01,1.198820153598041949e-01,-3.711041670413331994e-01,2.826717662868723502e-01,-6.866689699591116414e-01,-2.503384034017403295e-02,0.000000000000000000e+00
-5.617484347936386735e-01,1.156134654606323364e+00,6.982564975671643470e-01,-1.857383903007036263e+00,-7.628582130461416533e-01,1.190125550100107621e-01,-3.652053217662123430e-01,2.789315699952031324e-01,-6.822354181110831250e-01,-2.599795146450839881e-02,0.000000000000000000e+00
-5.543539520916167529e-01,1.168443734696564151e+00,7.056138001501238710e-01,-1.753182313484282107e+00,-7.792445013708926282e-01,1.191921907545787640e-01,-3.578587280315377317e-01,2.653236792911881636e-01,-6.804262640205790413e-01,-2.911201451588381339e-02,0.000000000000000000e+00
-5.486283771016476907e-01,1.182451891984539039e+00,7.103212148484296939e-01,-1.692797082105918616e+00,-7.862803076595445972e-01,1.200845020126768137e-01,-3.527790113135855221e-01,2.598995689459764336e-01,-6.751067119589867493e-01,-2.816489131511629856e-02,0.000000000000000000e+00
-5.437422824999867954e-01,1.189921685986306432e+00,7.158339974665882677e-01,-1.615431129266758914e+00,-7.846760755502528717e-01,1.223994817738347507e-01,-3.480897941824310782e-01,2.546771854274713642e-01,-6.707481138878949034e-01,-2.545760798316730467e-02,0.000000000000000000e+00
-5.311127972695240951e-01,1.198628361693571343e+00,7.230122100208994373e-01,-1.536346653232662174e+00,-7.942943428011633999e-01,1.240611307477060832e-01,-3.474128013531406767e-01,2.508588813791877148e-01,-6.674886468486227464e-01,-1.676388499193871492e-02,0.000000000000000000e+00
-5.228354426892802831e-01,1.207264866462851138e+00,7.210766211849178875e-01,-1.492531073920081663e+00,-7.989831757238717858e-01,1.264799351648936421e-01,-3.492819576168615936e-01,2.514366706018674735e-01,-6.669408285383829904e-01,-1.584370054257518839e-02,0.000000000000000000e+00
-5.142576707638609745e-01,1.211496651533360058e+00,7.216828461438488107e-01,-1.469686178157087575e+00,-8.051284613241929122e-01,1.301094705975142929e-01,-3.481238684255681393e-01,2.486069970558666409e-01,-6.724032261700684243e-01,-1.297638478480361152e-02,0.000000000000000000e+00
-5.064301085757728638e-01,1.215682358972471455e+00,7.209480261465153195e-01,-1.457450556696199939e+00,-8.110118533449208744e-01,1.330732437776407096e-01,-3.472399906586681739e-01,2.503125316348646101e-01,-6.781249106161981732e-01,-1.192713710061712312e-02,0.000000000000000000e+00
-5.043336478118146671e-01,1.217368291332880492e+00,7.222341418961983894e-01,-1.453993362615557894e+00,-8.178521706216845821e-01,1.346222146659341590e-01,-3.463224836121845396e-01,2.492892120928691946e-01,-6.819562775699004042e-01,-1.169299331387925640e-02,0.000000000000000000e+00
-5.041662462878542250e-01,1.217076604710594756e+00,7.262477110468615882e-01,-1.459734553051715400e+00,-8.219103436223682557e-01,1.360282200115530693e-01,-3.455287150345609515e-01,2.483771499451802589e-01,-6.836776767241248276e-01,-1.340875291388060435e-02,0.000000000000000000e+00
-5.072198490022712392e-01,1.213638196165574890e+00,7.355636603917437011e-01,-1.474588805267355696e+00,-8.219539012234364783e-01,1.373751762952953870e-01,-3.451460788998261808e-01,2.463641064619326582e-01,-6.843405659457554302e-01,-1.346683600677463753e-02,0.000000000000000000e+00
-5.133446475590655034e-01,1.207971920494734785e+00,7.424051002545482003e-01,-1.507256058439889301e+00,-8.221085607408469276e-01,1.384534500085955189e-01,-3.469234849996479242e-01,2.444991246243974903e-01,-6.854162130967120792e-01,-1.393547040485837094e-02,0.000000000000000000e+00
-5.256304313880869605e-01,1.199959925174298947e+00,7.477769302461995116e-01,-1.557134177198241209e+00,-8.225253883182084280e-01,1.393469212492115528e-01,-3.494328401392572947e-01,2.410657779780357723e-01,-6.851383284399360507e-01,-1.573128312645889065e-02,0.000000000000000000e+00
-5.364941943633819710e-01,1.192912942971721346e+00,7.517737737847064450e-01,-1.601012032784327799e+00,-8.189801014501808529e-01,1.366432744498071172e-01,-3.515195039683736145e-01,2.400824034689222619e-01,-6.778371389891174603e-01,-2.156965773186665658e-02,0.000000000000000000e+00
-5.487285687856194860e-01,1.185519236862532022e+00,7.532391096198460811e-01,-1.662194488849729757e+00,-8.179805640927239052e-01,1.352062091777048725e-01,-3.529690759684281920e-01,2.400605993134648231e-01,-6.770484198964821232e-01,-2.122056407834635450e-02,0.000000000000000000e+00
-5.647870421356130377e-01,1.173081110881131650e+00,7.499668566785502311e-01,-1.747583508472375202e+00,-8.106053434902183996e-01,1.322525443261158840e-01,-3.548900511603510499e-01,2.411971887630559863e-01,-6.738369379709325813e-01,-2.529842275805709029e-02,0.000000000000000000e+00
-5.731824665018089293e-01,1.164426460303815025e+00,7.454127600061872805e-01,-1.822215982259087763e+00,-8.061954476758713684e-01,1.299147049277253330e-01,-3.592923699492224787e-01,2.415570658229067302e-01,-6.754097852302651805e-01,-3.144171063424262141e-02,0.000000000000000000e+00
-5.812475329811211955e-01,1.150824254511383815e+00,7.346147706472192507e-01,-1.929516045849211991e+00,-7.936983070106546911e-01,1.282934866598076373e-01,-3.659074933991925960e-01,2.469351148205688462e-01,-6.763265859088434251e-01,-2.721230918986599495e-02,0.000000000000000000e+00
-5.831079848485404282e-01,1.145195393145318707e+00,7.209806843908282969e-01,-1.997561829354508323e+00,-7.878618908233878670e-01,1.263789486849644650e-01,-3.722768642670218897e-01,2.570077577397983370e-01,-6.785065966764608492e-01,-2.573742308603739481e-02,0.000000000000000000e+00
-5.880992279549356327e-01,1.133265545844762023e+00,7.065592601663922556e-01,-2.076872620291533522e+00,-7.732257624639481408e-01,1.250751341697422248e-01,-3.811882001915903317e-01,2.643412258842103291e-01,-6.771595260318049592e-01,-2.016276886075464569e-02,0.000000000000000000e+00
-5.961164583657462268e-01,1.126266364020009902e+00,6.884135764671212021e-01,-2.147645508508233991e+00,-7.660548584117783388e-01,1.258795788444486419e-01,-3.935976213628664677e-01,2.717060210813026511e-01,-6.791846461987494088e-01,-1.272211555318756779e-02,0.000000000000000000e+00
-6.103599953210331330e-01,1.125131266213964976e+00,6.585730631133192015e-01,-2.194799999263211010e+00,-7.458740594759668552e-01,1.253148171737795691e-01,-4.094354438191949996e-01,2.889750467322235172e-01,-6.853194324446669761e-01,-1.936461792782586538e-03,0.000000000000000000e+00
-6.261612861735031954e-01,1.131670729534290043e+00,6.324001256518113623e-01,-2.194799999999999862e+00,-7.362391525173125340e-01,1.271212474070081422e-01,-4.230359399461694481e-01,3.007855637278987748e-01,-6.945565876133540373e-01,-2.174511820062475891e-03,0.000000000000000000e+00
-6.428823298568225875e-01,1.145987538987094601e+00,5.954729075045513964e-01,-2.194799999999999862e+00,-7.199863552566106994e-01,1.301778676786935207e-01,-4.437591575765484353e-01,3.203013224740823839e-01,-7.090938687828689524e-01,1.944654082368893477e-03,0.000000000000000000e+00
-6.558805429263658837e-01,1.156885833185532286e+00,5.602822878200589551e-01,-2.194799999999999862e+00,-7.100180184301018160e-01,1.336841094511501682e-01,-4.625735406548070472e-01,3.356874279003648209e-01,-7.220638638575754831e-01,6.377577503709059431e-03,0.000000000000000000e+00
-6.735867891385101114e-01,1.169400326219075303e+00,5.229106694650738074e-01,-2.194799999999999862e+00,-6.976831479772346301e-01,1.390384186349618856e-01,-4.861834150583962399e-01,3.527618639013920809e-01,-7.394840857867799322e-01,1.531114150926338180e-02,0.000000000000000000e+00
-6.866643953404856227e-01,1.171534052548403704e+00,4.890317163100064146e-01,-2.194799999999999862e+00,-6.863159321101194310e-01,1.461532827920307143e-01,-5.065464084598882977e-01,3.650741521444753612e-01,-7.495210881826945837e-01,1.903640193224137578e-02,0.000000000000000000e+00
-6.983643837923977360e-01,1.171806364691164282e+00,4.585473821111141768e-01,-2.194799999999999862e+00,-6.732209748908172253e-01,1.533356287465677537e-01,-5.259760102482390343e-01,3.749705752836465789e-01,-7.594171864522103466e-01,2.151563245876078612e-02,0.000000000000000000e+00
-7.057799559871308359e-01,1.174848433638965739e+00,4.379608596611264670e-01,-2.194799999999999862e+00,-6.731910161747008958e-01,1.582303790544623556e-01,-5.401987152435835382e-01,3.831867744111769891e-01,-7.689569798094240127e-01,2.303487161029862951e-02,0.000000000000000000e+00
-7.096067320426301395e-01,1.176124424980499183e+00,4.195212138238582078e-01,-2.194799999999999862e+00,-6.683435875513398239e-01,1.618005621128455196e-01,-5.488631590184623876e-01,3.883008008345287254e-01,-7.759183967342970778e-01,2.289416650441900361e-02,0.000000000000000000e+00
-7.126896501436844611e-01,1.176394548296679998e+00,4.106678341890787065e-01,-2.194799999999999862e+00,-6.672014524935654389e-01,1.648083116266419457e-01,-5.542157305364802111e-01,3.899912805788280923e-01,-7.801420886095995488e-01,2.255123825875831461e-02,0.000000000000000000e+00
-7.128413580612037448e-01,1.177386260024821940e+00,4.052297978234791209e-01,-2.194799999999999862e+00,-6.658899907206495827e-01,1.657261790663000223e-01,-5.568748755063970268e-01,3.909549482236322482e-01,-7.832785934998628408e-01,2.197197966586501156e-02,0.000000000000000000e+00
-7.146637404930197279e-01,1.172507117923598852e+00,4.031272572643525565e-01,-2.194799999999999862e+00,-6.632816934241820839e-01,1.660265557465805675e-01,-5.573487264304581856e-01,3.906880826067212209e-01,-7.845384198935537734e-01,1.973404347210382451e-02,0.000000000000000000e+00
-7.186104512317701420e-01,1.164116992240642690e+00,4.034820585688421168e-01,-2.194799999999999862e+00,-6.590420146446995808e-01,1.663697864772210600e-01,-5.573424507339632683e-01,3.897906338713540975e-01,-7.855366824472816978e-01,1.967005558358563000e-02,0.000000000000000000e+00
-7.219326117247534258e-01,1.156914706929297099e+00,4.056913571538490748e-01,-2.194799999999999862e+00,-6.594055693154597941e-01,1.662884704583966478e-01,-5.581265075826851163e-01,3.883272440029634232e-01,-7.857219138986090146e-01,1.886013875870808099e-02,0.000000000000000000e+00
-7.234425375995445773e-01,1.152844092961844646e+00,4.131063632872893909e-01,-2.194799999999999862e+00,-6.598430615910929609e-01,1.642572476908118473e-01,-5.536353756354598366e-01,3.846813986403016528e-01,-7.836048375628389406e-01,1.821689903947843261e-02,0.000000000000000000e+00
-7.177616050158549532e-01,1.153581034128866589e+00,4.345747280940052693e-01,-2.194799999999999862e+00,-6.623190344900028448e-01,1.606016894169156051e-01,-5.421617952246498007e-01,3.770961903874744947e-01,-7.782250600793596540e-01,1.548783589631888384e-02,0.000000000000000000e+00
-7.025259779300919716e-01,1.152640824585063228e+00,4.664855967017484950e-01,-2.194799999999999862e+00,-6.715366400542281955e-01,1.533417690026759317e-01,-5.181813474181891088e-01,3.693001230750824204e-01,-7.705237510967803960e-01,8.002886284821878610e-03,0.000000000000000000e+00
-6.893067019729877121e-01,1.152188712852817432e+00,4.907530743937190687e-01,-2.194799999999999862e+00,-6.750962811846908940e-01,1.467874643990581263e-01,-5.013654025178811979e-01,3.628782484777775541e-01,-7.617607143734493880e-01,4.695498533159862820e-03,0.000000000000000000e+00
-6.669773278361883495e-01,1.150275771588779028e+00,5.195565697466205668e-01,-2.194799999999999862e+00,-6.850460971011947953e-01,1.395695626058619521e-01,-4.819879269105181163e-01,3.537300319078351962e-01,-7.521971601805189644e-01,2.130276946461067463e-03,0.000000000000000000e+00
-6.420510200687699065e-01,1.133871578273834446e+00,5.600621183441781836e-01,-2.194799999999999862e+00,-6.974528432393909405e-01,1.326286418326406702e-01,-4.563741275977087897e-01,3.400805566662368218e-01,-7.368759450096276087e-01,-8.663665514378329074e-03,0.000000000000000000e+00
-6.237911064504060299e-01,1.126343338109016434e+00,5.890083946034075923e-01,-2.194799999999999862e+00,-7.033958529698293161e-01,1.276283337715184707e-01,-4.389240131783138654e-01,3.307973117027599996e-01,-7.267743673475249855e-01,-1.263489170721049035e-02,0.000000000000000000e+00
-5.962594267508261048e-01,1.102810069236874302e+00,6.298295914972344978e-01,-2.194073473257454054e+00,-7.194041538065163444e-01,1.239187977850417788e-01,-4.140066658554399925e-01,3.134744423757300780e-01,-7.114964880811377457e-01,-2.276421323113412762e-02,0.000000000000000000e+00
-5.889616706873518348e-01,1.111776693719207731e+00,6.464854115045600702e-01,-2.127737612930406197e+00,-7.252789967356766399e-01,1.218643918705818174e-01,-4.044518168201785002e-01,3.072535922596561497e-01,-7.060157724778329813e-01,-2.535126008079070445e-02,0.000000000000000000e+00
-5.791031774886721273e-01,1.118735406486614403e+00,6.591678308970823075e-01,-2.056935461685454491e+00,-7.276904599411380126e-01,1.205611320413146476e-01,-3.965044200053524648e-01,3.014488629025889876e-01,-7.023576426688608043e-01,-2.706594105822425489e-02,0.000000000000000000e+00
-5.729586041672669605e-01,1.124399198834586278e+00,6.698250068184116168e-01,-2.010315169788893019e+00,-7.281949197451041966e-01,1.216948750926319239e-01,-3.900032402600354109e-01,3.003375077799421144e-01,-7.012775481147212053e-01,-2.913963077855754105e-02,0.000000000000000000e+00
-5.677344129355251789e-01,1.118197272527993613e+00,6.825890081094140305e-01,-1.937377335272386869e+00,-7.326467924752612104e-01,1.196199559815626645e-01,-3.804449631993238601e-01,2.955202482418248233e-01,-6.984222335084880884e-01,-3.474003151672971912e-02,0.000000000000000000e+00
-5.589021050664291224e-01,1.123076759138554426e+00,6.883798420531561657e-01,-1.878828183585637746e+00,-7.365684074107167190e-01,1.207443570877516081e-01,-3.742938922715354222e-01,2.914943834534380329e-01,-6.981739029189514278e-01,-3.474888929803841842e-02,0.000000000000000000e+00
-5.551757519147535458e-01,1.125439668073912935e+00,6.959900291925760207e-01,-1.841544270818562534e+00,-7.429270708301716208e-01,1.207143758168700148e-01,-3.706642326474708371e-01,2.888214463192254611e-01,-6.945395751273693019e-01,-3.201931934616438630e-02,0.000000000000000000e+00
-5.508540345600654309e-01,1.126245290977258451e+00,7.060285521745256476e-01,-1.797249262810491466e+00,-7.500564007185708260e-01,1.225766328066464073e-01,-3.671832950616311098e-01,2.835356464301869717e-01,-6.855218667861554538e-01,-2.746222863658913729e-02,0.000000000000000000e+00
-5.415685764741318131e-01,1.125258740894786502e+00,7.161775028422608935e-01,-1.755283167844997827e+00,-7.528581640186978730e-01,1.214784146471259846e-01,-3.637025980711353634e-01,2.820556522605255911e-01,-6.805744743806563246e-01,-2.455512776668693567e-02,0.000000000000000000e+00
-5.384605328067123553e-01,1.125802903307174141e+00,7.208205500616330363e-01,-1.731858146192971182e+00,-7.571841364663848273e-01,1.225281130759843518e-01,-3.623418489805813603e-01,2.807845158514377104e-01,-6.779244014405848562e-01,-1.996098924242122041e-02,0.000000000000000000e+00
-5.340495883419628109e-01,1.126499778477020319e+00,7.261115338105030848e-01,-1.711247125450479967e+00,-7.634892770006592722e-01,1.224911317181440890e-01,-3.607926812252659210e-01,2.792076000346493392e-01,-6.765776213953212936e-01,-1.785106191681310253e-02,0.000000000000000000e+00
-5.276546168468776443e-01,1.129683471173360321e+00,7.278464535309531191e-01,-1.696542051224150915e+00,-7.663707724900977736e-01,1.240996711862047269e-01,-3.615249470287727473e-01,2.796312837988096378e-01,-6.739437731314947833e-01,-1.329910376197241360e-02,0.000000000000000000e+00
-5.261498393989458844e-01,1.127469271110642435e+00,7.311563116915880123e-01,-1.688239760236387887e+00,-7.674647484118146679e-01,1.253427535843014973e-01,-3.635660084379087609e-01,2.805994945936466367e-01,-6.753450373480904823e-01,-1.027813460523217988e-02,0.000000000000000000e+00
-5.225483473742347229e-01,1.127818115763113527e+00,7.319472662428259113e-01,-1.685411326658085240e+00,-7.662436923143496337e-01,1.278972192313573009e-01,-3.650878995959844220e-01,2.822565580786000061e-01,-6.755610696228007139e-01,-1.105654492278103362e-02,0.000000000000000000e+00
-5.205396944987428220e-01,1.127560240346466403e+00,7.329048201586815248e-01,-1.681806236585556169e+00,-7.659429421809731409e-01,1.304465637215173057e-01,-3.646448656367035079e-01,2.822646851680289948e-01,-6.769948334975033344e-01,-1.360565589271958351e-02,0.000000000000000000e+00
-5.188801964404829992e-01,1.126571556432870880e+00,7.351349443535828421e-01,-1.680968448446531482e+00,-7.675558314228231316e-01,1.317477897866514147e-01,-3.643432949745879501e-01,2.818015325356386658e-01,-6.763473242320733325e-01,-1.518948205654469669e-02,0.000000000000000000e+00
-5.187313695310580286e-01,1.124173137773647690e+00,7.372688521639985115e-01,-1.683973539206181202e+00,-7.683320706973761904e-01,1.330277034660248270e-01,-3.646347171658517738e-01,2.810507968582981464e-01,-6.742223392126406312e-01,-1.604603871660223099e-02,0.000000000000000000e+00
-5.183465246694646256e-01,1.124079573671899368e+00,7.373708483062461072e-01,-1.688089983355095747e+00,-7.724006054663822285e-01,1.319719001022588711e-01,-3.641620476208633495e-01,2.800609906296693818e-01,-6.703834361058945701e-01,-1.691180949256993957e-02,0.000000000000000000e+00
-5.186651701983843177e-01,1.121636633429669017e+00,7.372103218178586159e-01,-1.692032704054288628e+00,-7.738315763217837873e-01,1.321967584610735102e-01,-3.631402158773715527e-01,2.792467690436089001e-01,-6.686860391392536185e-01,-1.891608974435295132e-02,0.000000000000000000e+00
-5.183123377427855116e-01,1.120929618798202743e+00,7.362767672698162791e-01,-1.699331401588201729e+00,-7.682408344041919968e-01,1.323434904684493429e-01,-3.628910231328563718e-01,2.826845097575260701e-01,-6.659713771802372451e-01,-2.090019783819989374e-02,0.000000000000000000e+00
-5.217389428937305729e-01,1.117177488576329480e+00,7.340731709102458202e-01,-1.711237669235127434e+00,-7.650981327537861310e-01,1.314168143620059459e-01,-3.640371281420103355e-01,2.851357645923140449e-01,-6.639422031689166115e-01,-2.273024667723216874e-02,0.000000000000000000e+00
-5.224881991663302694e-01,1.115168471935508387e+00,7.318195417657620272e-01,-1.723773143664163676e+00,-7.562181764583781884e-01,1.312793729125696640e-01,-3.649458214241888543e-01,2.867425491903167756e-01,-6.607269081970162938e-01,-2.439332378922566893e-02,0.000000000000000000e+00
-5.254613130599620208e-01,1.112088197858476013e+00,7.318864069027885000e-01,-1.736340451726386958e+00,-7.517282326693384142e-01,1.309889878461380774e-01,-3.660509215902849611e-01,2.882734549044302375e-01,-6.585095191517508217e-01,-2.518690155130162700e-02,0.000000000000000000e+00
-5.277632195460298936e-01,1.107784006467724458e+00,7.296805366900332990e-01,-1.750143626696158528e+00,-7.452895610921714820e-01,1.297520514054037732e-01,-3.673423849463960389e-01,2.875445935383628693e-01,-6.549695913046515994e-01,-2.397584691233848805e-02,0.000000000000000000e+00
-5.291971858499617820e-01,1.105657060472019060e+00,7.297073438532111211e-01,-1.759375132144877174e+00,-7.344028244248977932e-01,1.286196898466751559e-01,-3.682033057648381735e-01,2.898984124725779155e-01,-6.538284135816788689e-01,-2.478171366547624391e-02,0.000000000000000000e+00
-5.314793988586828943e-01,1.102043032081944318e+00,7.318644129104903140e-01,-1.765144560969658327e+00,-7.240871196718519087e-01,1.278352653847956433e-01,-3.691822133694450669e-01,2.916015149083829305e-01,-6.526379041616807708e-01,-2.235982864860806829e-02,0.000000000000000000e+00
-5.334221894046528023e-01,1.098744000393206521e+00,7.314460348089115715e-01,-1.774251601619214469e+00,-7.156875615251885314e-01,1.272009899065515703e-01,-3.715344513776388524e-01,2.914876193237331825e-01,-6.529912281096686977e-01,-2.011539688370751755e-02,0.000000000000000000e+00
-5.335774735816511960e-01,1.096011616381937781e+00,7.334500545589787146e-01,-1.780572212003850296e+00,-7.056025001618986270e-01,1.272935180918351450e-01,-3.731651946122114816e-01,2.924746261004103620e-01,-6.554841628876609816e-01,-1.939202798261811800e-02,0.000000000000000000e+00
-5.339246214443049698e-01,1.091844039881320949e+00,7.364445790877132136e-01,-1.785803553818172240e+00,-6.918031198828114015e-01,1.271783690155337543e-01,-3.740722589452269986e-01,2.928870576935063696e-01,-6.573974082256308638e-01,-1.646397726618249735e-02,0.000000000000000000e+00
-5.336978662676500340e-01,1.087395005514145030e+00,7.421385848984948241e-01,-1.789083226649714309e+00,-6.765037958030497567e-01,1.269251826186429677e-01,-3.743484540630193647e-01,2.942035480855926810e-01,-6.592602679294483625e-01,-1.268972981831039716e-02,0.000000000000000000e+00
-5.319771704639378873e-01,1.082180715789011982e+00,7.484555636940636303e-01,-1.794072851810502689e+00,-6.603002510305874262e-01,1.273558612774342014e-01,-3.741206370957737559e-01,2.953876608612643340e-01,-6.616525459410518284e-01,-1.149693863490498791e-02,0.000000000000000000e+00
-5.249916570814935346e-01,1.074411798340191071e+00,7.520484052919796936e-01,-1.803603670733629594e+00,-6.460825286557806413e-01,1.286507611414320906e-01,-3.762210499175258072e-01,2.947268699849319717e-01,-6.661016308434069000e-01,-9.583030176921645063e-03,0.000000000000000000e+00
-5.129566197145553064e-01,1.058890155183277892e+00,7.550831117648207913e-01,-1.800337182138778358e+00,-6.323227851357247076e-01,1.303847747289196002e-01,-3.754699885757365463e-01,2.922190554331441370e-01,-6.705890182808597055e-01,-5.635566635059674825e-03,0.000000000000000000e+00
-4.941422692566916908e-01,1.043603555432617735e+00,7.542261432497509022e-01,-1.786629917436342030e+00,-6.127256217261114468e-01,1.332269944433038533e-01,-3.731132363535867302e-01,2.906523113694470806e-01,-6.756055823318743991e-01,-1.974500614155237643e-03,0.000000000000000000e+00
-4.668682760436480561e-01,1.024309066455886930e+00,7.481550389781530530e-01,-1.767671605926902423e+00,-6.056412795282538619e-01,1.361566740498744987e-01,-3.719514237293077286e-01,2.892569582452585997e-01,-6.804219208629680438e-01,4.777266989177983945e-03,0.000000000000000000e+00
-4.367178342746483310e-01,1.008301079075775597e+00,7.407864245901302214e-01,-1.742135918846726250e+00,-5.902990269601076090e-01,1.401609146058551691e-01,-3.712897926920467606e-01,2.878855686133661718e-01,-6.845902693092495994e-01,1.139885098014344067e-02,0.000000000000000000e+00
-4.111817539008433831e-01,9.928916687176269074e-01,7.312160389741655386e-01,-1.715191860613691333e+00,-5.761295276026440204e-01,1.442739208292916631e-01,-3.715149371164809255e-01,2.865382145902758415e-01,-6.909385805505601219e-01,1.568471920563593511e-02,0.000000000000000000e+00
-3.868800466702967955e-01,9.768542843702566758e-01,7.191644222214418347e-01,-1.686459922213888740e+00,-5.632791116756155070e-01,1.484512973387677737e-01,-3.728739452114634978e-01,2.848274694435566357e-01,-6.967928911125522706e-01,1.261420401878149411e-02,0.000000000000000000e+00
-3.609790364536237250e-01,9.600247350142808722e-01,7.076170486999430187e-01,-1.660932672154048495e+00,-5.556637061052348558e-01,1.516902950651728421e-01,-3.722191692141315622e-01,2.871182921285168610e-01,-7.046855277811963081e-01,1.703348412784392793e-02,0.000000000000000000e+00
-3.436402185324478609e-01,9.459900706920104652e-01,6.995385410573464746e-01,-1.640959905674069130e+00,-5.432306137866802498e-01,1.530231158444135819e-01,-3.705971464369508528e-01,2.837524068010557898e-01,-7.089352012996226193e-01,1.858685511624441275e-02,0.000000000000000000e+00
-3.120641505964444340e-01,9.273609206996566989e-01,6.867588808314619708e-01,-1.605530803217218194e+00,-5.351103830954171414e-01,1.536219886300633219e-01,-3.707870236544886233e-01,2.882801076347613622e-01,-7.180119433921218208e-01,1.977008948520984563e-02,0.000000000000000000e+00
-2.952092109430478617e-01,9.193339184828892563e-01,6.798925264274396918e-01,-1.582081372588308943e+00,-5.279718042633176900e-01,1.559719209964393061e-01,-3.691969040271036451e-01,2.861454707258502261e-01,-7.229131630286768084e-01,2.077368591462353323e-02,0.000000000000000000e+00
-2.640062389561368961e-01,9.009830729547571027e-01,6.601668822114241664e-01,-1.546888184964797963e+00,-5.048859242095421473e-01,1.573720391757422454e-01,-3.695395111669039778e-01,2.855298115255363034e-01,-7.277720460351220222e-01,1.800499485735162358e-02,0.000000000000000000e+00
-2.439907305470426502e-01,8.869936495299981516e-01,6.482543641364915121e-01,-1.519812915713159240e+00,-4.881225254998705632e-01,1.614290095782756618e-01,-3.691114227312894958e-01,2.808294858084789958e-01,-7.335859500355086382e-01,1.383674215816325416e-02,0.000000000000000000e+00
-2.301043797064167562e-01,8.767727701664120854e-01,6.383520681231924510e-01,-1.502829483537506228e+00,-4.806854953780302364e-01,1.620793957770173821e-01,-3.688024374953314255e-01,2.768324408966542083e-01,-7.348591488336984057e-01,8.773787018534595639e-03,0.000000000000000000e+00
-2.128955794577338800e-01,8.609060547272964214e-01,6.298701989987576244e-01,-1.475164988813431943e+00,-4.599451409467749663e-01,1.651459108277778809e-01,-3.681740312236448931e-01,2.750660700025920891e-01,-7.373097840873785724e-01,5.680803927838812620e-03,0.000000000000000000e+00
-2.005517271027400239e-01,8.549631159303269223e-01,6.155284031120029642e-01,-1.463546483730570946e+00,-4.563378544872470077e-01,1.653006965849929955e-01,-3.669804966714170225e-01,2.719951581630963844e-01,-7.381212615728587334e-01,2.769783047588094543e-03,0.000000000000000000e+00
-1.822362553699842236e-01,8.437759220641589675e-01,5.990874405900473709e-01,-1.441273639622224989e+00,-4.442930830244358753e-01,1.677783465333811674e-01,-3.656683389645344340e-01,2.691219046793867919e-01,-7.401718954387229710e-01,2.557176702748712935e-03,0.000000000000000000e+00
-1.675854842605757344e-01,8.344261242099170195e-01,5.838380626238311999e-01,-1.421717334178828951e+00,-4.365971573889946278e-01,1.709175247919874630e-01,-3.660746135380035793e-01,2.658088224409810296e-01,-7.440092464611283152e-01,7.710045444751355975e-04,0.000000000000000000e+00
-1.500781074675761051e-01,8.255992034766405085e-01,5.605844684655917343e-01,-1.402930106453910364e+00,-4.211884669619831989e-01,1.738124386157466061e-01,-3.675595828705037205e-01,2.647799031533026870e-01,-7.493852135905305634e-01,-1.943448510536819815e-03,0.000000000000000000e+00
-1.381320275001993170e-01,8.192431678379213933e-01,5.434214657170638452e-01,-1.389863749536625059e+00,-4.116473043263316201e-01,1.758195689403360407e-01,-3.680804587711490328e-01,2.622149492241106494e-01,-7.536482574045517691e-01,-5.584050364506321085e-03,0.000000000000000000e+00
-1.221997119766491113e-01,8.126193469267873892e-01,5.180168640411274561e-01,-1.367724744816310789e+00,-3.972714073921045919e-01,1.783814471256369993e-01,-3.678073366061826999e-01,2.626639746556611588e-01,-7.594985092992128095e-01,-7.964979801400158543e-03,0.000000000000000000e+00
-1.102777432674951763e-01,8.035798671878002786e-01,5.007417986569608903e-01,-1.352769320004220122e+00,-3.865961071506547886e-01,1.807961672786619900e-01,-3.692852809624388444e-01,2.601618491663632571e-01,-7.649007964115270841e-01,-1.164969253668083314e-02,0.000000000000000000e+00
-1.013552862689955786e-01,7.967478526656780469e-01,4.845432225704586759e-01,-1.341461721326142387e+00,-3.787671557988489535e-01,1.813518415317016963e-01,-3.704280033159401131e-01,2.575983750428644248e-01,-7.682695327241810812e-01,-1.437597916136858570e-02,0.000000000000000000e+00
-8.985187962912981330e-02,7.908197152880752645e-01,4.621555258222760365e-01,-1.325902855644695233e+00,-3.656213374316758524e-01,1.828432667870595885e-01,-3.722612713309528254e-01,2.563288334588643691e-01,-7.731251322276422311e-01,-1.695199674175903309e-02,0.000000000000000000e+00
-7.861071928990265301e-02,7.845013742486561803e-01,4.402178538119368989e-01,-1.306736809834684321e+00,-3.542194828072589563e-01,1.836582549883709059e-01,-3.737992310472113555e-01,2.556113342397377530e-01,-7.764265819957946180e-01,-1.937294851305736143e-02,0.000000000000000000e+00
-6.520921987226450944e-02,7.778660308575752191e-01,4.135808430299396377e-01,-1.281372288125049996e+00,-3.457450218084784366e-01,1.853368669894958354e-01,-3.762061713608720326e-01,2.549761221149010604e-01,-7.788406291981097018e-01,-1.995315674582221616e-02,0.000000000000000000e+00
-5.664889965253239873e-02,7.685282695070159154e-01,3.970265719006297322e-01,-1.261299039337624661e+00,-3.367002320084983014e-01,1.842301416190429697e-01,-3.771429521386152617e-01,2.538816604998985205e-01,-7.813832454062427102e-01,-2.133166870737931986e-02,0.000000000000000000e+00
-4.564472545584904312e-02,7.623053449920480507e-01,3.684540128345151211e-01,-1.235853273855161749e+00,-3.204168446148084604e-01,1.847164355753425635e-01,-3.800903792821452298e-01,2.553529387036417297e-01,-7.859705263746398218e-01,-2.484992313085541277e-02,0.000000000000000000e+00
-2.919299799524656402e-02,7.474024364282023658e-01,3.402083623033364534e-01,-1.205237805558535991e+00,-3.040540825400439573e-01,1.853315384271967958e-01,-3.831042098176009603e-01,2.570258776768773457e-01,-7.915933330233443366e-01,-2.788024042514363268e-02,0.000000000000000000e+00
-1.905820837987883681e-02,7.325763114453232028e-01,3.267979283525818679e-01,-1.184862873366088420e+00,-2.939730684494600288e-01,1.856195176375971256e-01,-3.856935170011289715e-01,2.543748718359343797e-01,-7.956385200472336772e-01,-3.081494765800108296e-02,0.000000000000000000e+00
-6.034019730171306939e-03,7.173100442292644763e-01,3.025864916214213163e-01,-1.139831064360885549e+00,-2.796848031660413292e-01,1.854983665363833523e-01,-3.870767214802179890e-01,2.544174985543838363e-01,-8.016470398950832355e-01,-3.489197151394365232e-02,0.000000000000000000e+00
3.535225228309998857e-03,7.060998776718541148e-01,2.832041559879147630e-01,-1.115256453235288436e+00,-2.761868497670720290e-01,1.845991223508383905e-01,-3.884216948573108175e-01,2.537740219777484540e-01,-8.031164392759247983e-01,-3.791706839072301466e-02,0.000000000000000000e+00
1.520390470621164197e-02,6.927442160275570915e-01,2.547877355461854454e-01,-1.088428192900506408e+00,-2.688519312337332989e-01,1.831036351043883459e-01,-3.895277620493328152e-01,2.571268970848414881e-01,-8.048472961839606699e-01,-3.789387034338463633e-02,0.000000000000000000e+00
2.752451977405731554e-02,6.745197803789290125e-01,2.156320330745026548e-01,-1.051250247580705954e+00,-2.589115454158755214e-01,1.814442466224986117e-01,-3.894823992703642102e-01,2.601305676412721812e-01,-8.056294943207241710e-01,-4.127393288071268262e-02,0.000000000000000000e+00
3.371422697589310236e-02,6.623832531200377627e-01,1.933696697259405795e-01,-1.028212819802792000e+00,-2.516542790707542721e-01,1.785505669668545625e-01,-3.908347935658489924e-01,2.635271390923991652e-01,-8.040254575735414910e-01,-4.119282292794509970e-02,0.000000000000000000e+00
3.995771404004917760e-02,6.498096332666121189e-01,1.694815392311436464e-01,-9.911817747130594602e-01,-2.460195796229510679e-01,1.744959429069614654e-01,-3.928576890724840287e-01,2.641421358943408237e-01,-8.011075954984079317e-01,-4.384221673295139732e-02,0.000000000000000000e+00
4.427608575355000686e-02,6.379839340359977351e-01,1.335700852941982819e-01,-9.558489567185028957e-01,-2.415189318887613346e-01,1.697523171525118224e-01,-3.947111817641312248e-01,2.668565015083484426e-01,-7.955439715822486546e-01,-4.393158769243959288e-02,0.000000000000000000e+00
4.920552510710220206e-02,6.240242427447073581e-01,1.029156993130840303e-01,-9.217694657160904192e-01,-2.267065120327813321e-01,1.668985200167656113e-01,-3.939573905738327775e-01,2.694904389857958882e-01,-7.957235498829071663e-01,-4.521997897212352152e-02,0.000000000000000000e+00
5.309537959372287452e-02,6.144951465385163347e-01,8.665757315782991743e-02,-9.039393907714172727e-01,-2.240687636051771625e-01,1.641661229083329898e-01,-3.948907074555371710e-01,2.700293061569346564e-01,-7.944623786747585514e-01,-4.452912522711173493e-02,0.000000000000000000e+00
5.594195430399773183e-02,6.025381227906242421e-01,5.474387497279246950e-02,-8.595488723015891619e-01,-2.172986018900607830e-01,1.602812481469881312e-01,-3.947472716005901439e-01,2.789091863107396319e-01,-7.945085369322822944e-01,-4.874054566953146816e-02,0.000000000000000000e+00
5.734966622900330990e-02,5.912440616443231933e-01,2.824519463280506307e-02,-8.327394860192209869e-01,-2.101251759823796195e-01,1.582927739586691418e-01,-3.949711503064547991e-01,2.843752339608925372e-01,-7.973663435469947602e-01,-5.156854931016008337e-02,0.000000000000000000e+00
5.995469826124931456e-02,5.815118434010313475e-01,1.001625782024769679e-02,-8.199498887122473878e-01,-2.083777576430934086e-01,1.558746743367276644e-01,-3.958308963283338477e-01,2.903003356385363554e-01,-7.957654534030730309e-01,-5.296032985194350923e-02,0.000000000000000000e+00
6.264302442985400510e-02,5.731492306550917126e-01,-1.772524525187456693e-02,-8.187504849945965724e-01,-2.075631221265780979e-01,1.529652470065658576e-01,-3.958203608536793316e-01,2.917074268282450200e-01,-7.941800790136258614e-01,-5.834925735357315152e-02,0.000000000000000000e+00
6.581158698804678853e-02,5.643784037732976211e-01,-3.289807797844648135e-02,-8.151027653047486776e-01,-2.055596010438708876e-01,1.518545715763411907e-01,-3.973663672731876373e-01,2.958378957281364019e-01,-7.934174301881330438e-01,-6.201413068688367558e-02,0.000000000000000000e+00
6.707434328143829783e-02,5.553902243598282107e-01,-6.577290501307153647e-02,-8.019481738013916061e-01,-2.036327238608140189e-01,1.485608965604139076e-01,-3.975931679947597441e-01,3.001623918443547256e-01,-7.899469318794611894e-01,-6.713232371270889953e-02,0.000000000000000000e+00
6.818213603209911933e-02,5.450938175211611503e-01,-8.046387905501208027e-02,-7.872531184969630003e-01,-1.965570624603296679e-01,1.471350612430254168e-01,-3.976589309874420941e-01,3.021500167964534245e-01,-7.902432686710114673e-01,-7.348200077394993757e-02,0.000000000000000000e+00
6.899375076094205195e-02,5.366209406489289568e-01,-9.557092894685234596e-02,-7.744495526164545396e-01,-1.944565480835737936e-01,1.452183234859243666e-01,-3.977310546423762916e-01,3.024364202153839720e-01,-7.892813402659464295e-01,-7.826774103002508143e-02,0.000000000000000000e+00
7.105576159657836510e-02,5.282049102295546250e-01,-1.215448905337590535e-01,-7.611149168623140282e-01,-1.910699620550444511e-01,1.431109250583589287e-01,-3.977388633121914929e-01,3.023318585135737480e-01,-7.892956202712287928e-01,-8.263252740426640930e-02,0.000000000000000000e+00
7.304185842356694658e-02,5.205829346520263190e-01,-1.418146945050246521e-01,-7.443340181886960449e-01,-1.877544456527815708e-01,1.410582018489742739e-01,-4.000950951840662739e-01,3.044436656125195095e-01,-7.916847473441136485e-01,-8.391191031377351339e-02,0.000000000000000000e+00
7.302026360202373834e-02,5.112794920163982182e-01,-1.631674763192319799e-01,-7.229191698012941147e-01,-1.830352626148975814e-01,1.393381162555635266e-01,-4.014652816958512171e-01,3.046998836676158562e-01,-7.888918950332889368e-01,-8.656016008680414431e-02,0.000000000000000000e+00
7.434687235305854902e-02,5.039853799979403526e-01,-1.839933869065462635e-01,-7.076509373669040981e-01,-1.793695532469086196e-01,1.397341396528579416e-01,-4.046686805827597877e-01,3.076922286599119150e-01,-7.926696503695962459e-01,-8.690718916085479750e-02,0.000000000000000000e+00
7.505009695928861746e-02,4.958906538282619181e-01,-2.064369277135058023e-01,-6.938733322284629246e-01,-1.784563838955796067e-01,1.402055250293100519e-01,-4.058823723070300038e-01,3.066676817861798687e-01,-7.943193763394706952e-01,-8.798119557037947791e-02,0.000000000000000000e+00
7.542374369486833097e-02,4.871742338504392866e-01,-2.245549651417077797e-01,-6.776857868152241782e-01,-1.775439215454633068e-01,1.409335573365043115e-01,-4.079088035388967470e-01,3.085702650887441334e-01,-7.966432619325499731e-01,-8.781466509332601367e-02,0.000000000000000000e+00
7.491747982854596311e-02,4.801807565499922048e-01,-2.395825135947383944e-01,-6.671663884634031483e-01,-1.790708017913032468e-01,1.401665174870883601e-01,-4.084607624527781256e-01,3.092280787496458627e-01,-7.987407247088134099e-01,-9.141870115696595911e-02,0.000000000000000000e+00
7.650897488045631245e-02,4.754384461438274645e-01,-2.565649030533080910e-01,-6.693669382449297656e-01,-1.815597125261497469e-01,1.378984745650896349e-01,-4.101496632015865229e-01,3.078927612143878556e-01,-7.983829908865989200e-01,-9.226993107509537384e-02,0.000000000000000000e+00
7.737733202613042427e-02,4.704037315538739383e-01,-2.644990116754411535e-01,-6.683959261823785303e-01,-1.810879867961911471e-01,1.370433279054240894e-01,-4.106517572606544486e-01,3.107461828536139392e-01,-8.015265345944447839e-01,-9.407427405189873471e-02,0.000000000000000000e+00
7.443001958469103174e-02,4.651101837763462199e-01,-2.806116642454804522e-01,-6.650990526705528039e-01,-1.828432287925638722e-01,1.343329728703731851e-01,-4.122091650607943580e-01,3.132254469851356027e-01,-7.979475962389465105e-01,-9.478626369944004315e-02,0.000000000000000000e+00
7.457422400956417730e-02,4.609405170188478618e-01,-2.917478623978588259e-01,-6.682460569202764988e-01,-1.854675657410072287e-01,1.331296163473393301e-01,-4.135715421081153642e-01,3.168429613411465895e-01,-7.995443131220373312e-01,-9.157459695954610346e-02,0.000000000000000000e+00
7.424595862192973073e-02,4.560266440164188473e-01,-2.988874648115835142e-01,-6.726373713313816838e-01,-1.872778118288390692e-01,1.308726433422550683e-01,-4.127316341592836002e-01,3.181181829029257613e-01,-7.966978033893286071e-01,-9.146353331337789272e-02,0.000000000000000000e+00
7.247090391765372008e-02,4.497622226814656510e-01,-3.053438342721854215e-01,-6.820760173562449014e-01,-1.818896446017633506e-01,1.294876770989454307e-01,-4.134669698345850297e-01,3.204166733132068345e-01,-7.971593788725370722e-01,-9.662365748070646243e-02,0.000000000000000000e+00
7.147435038220513459e-02,4.449201129076504335e-01,-3.109695683112858600e-01,-6.950626904771265435e-01,-1.841559629713383495e-01,1.296214323923129130e-01,-4.129640550330193616e-01,3.219225517303700990e-01,-7.976385896441627876e-01,-9.673059688837830350e-02,0.000000000000000000e+00
6.891289127045097107e-02,4.399012311078172033e-01,-3.206481980047996005e-01,-6.992565399658834391e-01,-1.843751737300897420e-01,1.293537394328421186e-01,-4.132670595337532005e-01,3.254377581666682007e-01,-7.974087029609699950e-01,-9.911094703161585362e-02,0.000000000000000000e+00
6.806171198667052002e-02,4.380262142401579184e-01,-3.283473610763232298e-01,-7.083353928546071154e-01,-1.884732856120498179e-01,1.280913905023940147e-01,-4.120346194616242852e-01,3.264530799865930089e-01,-7.983888621600792046e-01,-1.008555082705695216e-01,0.000000000000000000e+00
6.652766868204307293e-02,4.341353932436582408e-01,-3.311128461023394864e-01,-7.129952999517469303e-01,-1.942688329977643735e-01,1.268629598592993513e-01,-4.101229560077994107e-01,3.251518921455406885e-01,-7.970604991893247560e-01,-9.934236772575598395e-02,0.000000000000000000e+00
6.478535818014333203e-02,4.322415486741816859e-01,-3.362795145998708768e-01,-7.151062166772385043e-01,-1.970275130529247631e-01,1.245544262448669837e-01,-4.099735993623555008e-01,3.267277124327846449e-01,-7.960155404533048040e-01,-9.780078418623290581e-02,0.000000000000000000e+00
6.376904473961791942e-02,4.308565379564489040e-01,-3.403259654438062776e-01,-7.176198856469452325e-01,-2.027289074579589068e-01,1.226402182559089005e-01,-4.094185715449338292e-01,3.253050906076861981e-01,-7.936838000199839538e-01,-9.426385054778087247e-02,0.000000000000000000e+00
6.278361154238068509e-02,4.296849318104305482e-01,-3.469606817501171836e-01,-7.181778788294821414e-01,-2.095101277289891650e-01,1.212526463837455964e-01,-4.091297297867078631e-01,3.246619220180235188e-01,-7.895105810523161960e-01,-9.082098168706009833e-02,0.000000000000000000e+00
6.158305179238806465e-02,4.270383557498930172e-01,-3.468680810601567077e-01,-7.170029148912430150e-01,-2.132885545051474985e-01,1.201609814956544620e-01,-4.088190623798333978e-01,3.225697692999757726e-01,-7.874069460553313471e-01,-8.893467523150548615e-02,0.000000000000000000e+00
6.141452377607459212e-02,4.268336480552245016e-01,-3.500897611382681185e-01,-7.206804239132054146e-01,-2.199781456606285102e-01,1.196208578332387112e-01,-4.086514473172936368e-01,3.213827359254095573e-01,-7.865108362342813075e-01,-8.619416111989103291e-02,0.000000000000000000e+00
6.060739337121338194e-02,4.256305461133748635e-01,-3.511198821823242056e-01,-7.166462002495889161e-01,-2.203343045597310756e-01,1.183031387532982037e-01,-4.086935091108446771e-01,3.215949419876063531e-01,-7.851596275512092715e-01,-8.451989880519528153e-02,0.000000000000000000e+00
5.954162224745561394e-02,4.243110981756831879e-01,-3.537990905759757498e-01,-7.133219102657543109e-01,-2.205151513146828557e-01,1.174370510228578968e-01,-4.093876619788281435e-01,3.214408717338264609e-01,-7.836790986105056644e-01,-8.259546979911094877e-02,0.000000000000000000e+00
5.839859757834676979e-02,4.227216654000105489e-01,-3.554914540699256054e-01,-7.088631638433754434e-01,-2.218170435682293162e-01,1.166383457746972413e-01,-4.097480460660322676e-01,3.210478781147753091e-01,-7.826702382873933495e-01,-8.005753925428828188e-02,0.000000000000000000e+00
5.760834667635650330e-02,4.214298351734915848e-01,-3.580475055100667547e-01,-7.077833759051339602e-01,-2.244272143858654645e-01,1.166729036298242567e-01,-4.103423342902096094e-01,3.203529104265678829e-01,-7.819242299521227402e-01,-7.781148708356348809e-02,0.000000000000000000e+00
5.737399114680635792e-02,4.201367354388186870e-01,-3.576501665088973603e-01,-7.061434939717767811e-01,-2.248567160586546487e-01,1.168058657825686852e-01,-4.104989105292941587e-01,3.195450217327334697e-01,-7.817258987554662752e-01,-7.712374867038226944e-02,0.000000000000000000e+00
5.768595744158894201e-02,4.189292011321728570e-01,-3.571314219545720925e-01,-7.057249333616495424e-01,-2.243709041856390973e-01,1.169827474630190239e-01,-4.106657619321816832e-01,3.191173128376359469e-01,-7.811278802785170949e-01,-7.647397382174418723e-02,0.000000000000000000e+00
5.809190030687223782e-02,4.182629574004589901e-01,-3.570477859820234690e-01,-7.068477257259696556e-01,-2.247239416450488025e-01,1.173990318217072865e-01,-4.107373361494605080e-01,3.186083035279720366e-01,-7.805890480516691765e-01,-7.510857156842783156e-02,0.000000000000000000e+00
5.870254155407995944e-02,4.173169592638010794e-01,-3.563056305305505322e-01,-7.082197656771002103e-01,-2.228568380345381517e-01,1.177024027068270945e-01,-4.110271768069061471e-01,3.188816256948041605e-01,-7.802840954834848741e-01,-7.509013188268001682e-02,0.000000000000000000e+00
5.886813481598573983e-02,4.158288640836435013e-01,-3.558245456060176171e-01,-7.082572562937843319e-01,-2.216109251979130612e-01,1.183450098990086602e-01,-4.114631869251977880e-01,3.193361763314633284e-01,-7.798497825746654177e-01,-7.351614695026256752e-02,0.000000000000000000e+00
5.863758811832134321e-02,4.147529921465756830e-01,-3.553618735010527496e-01,-7.073552040106433347e-01,-2.205643578891204326e-01,1.184395399826649181e-01,-4.118000677747521432e-01,3.201031405873561164e-01,-7.796255720215058416e-01,-7.243622267263277736e-02,0.000000000000000000e+00
5.806188649913584382e-02,4.132688209999167972e-01,-3.554427547966673706e-01,-7.055305045955783116e-01,-2.193009625930312512e-01,1.186420879006421653e-01,-4.121630485808779332e-01,3.214441196029808046e-01,-7.797542061543280001e-01,-7.103292797052429552e-02,0.000000000000000000e+00
5.713709358170475372e-02,4.108832988434552025e-01,-3.572943089656644422e-01,-7.010921500721216670e-01,-2.156657526098363087e-01,1.186353303690600158e-01,-4.133625816524466035e-01,3.227725554985735879e-01,-7.786485361332624588e-01,-7.003467150396652796e-02,0.000000000000000000e+00
5.569480584660659039e-02,4.095880856796118574e-01,-3.612583470853664713e-01,-6.961643755875749351e-01,-2.155548877314776290e-01,1.181905995574254187e-01,-4.139652540719883644e-01,3.234980513058992591e-01,-7.769295771339582712e-01,-6.857960894409556585e-02,0.000000000000000000e+00
5.462176146956804201e-02,4.084275537892199659e-01,-3.646966038918242892e-01,-6.912665524266118355e-01,-2.162502583985879689e-01,1.174440466508801795e-01,-4.142196723196925334e-01,3.239186373324779988e-01,-7.749612334549226267e-01,-6.771606785489338309e-02,0.000000000000000000e+00
5.333201446840543647e-02,4.077710550339064821e-01,-3.694752915807905658e-01,-6.870447369037738783e-01,-2.176621902481110093e-01,1.161597057367567548e-01,-4.144843588231448828e-01,3.253703279969887285e-01,-7.723998397244354885e-01,-6.678896839039710764e-02,0.000000000000000000e+00
5.169439322368793444e-02,4.067286580124762074e-01,-3.740312315114450170e-01,-6.829365339720555594e-01,-2.193250263917136955e-01,1.155359782948540970e-01,-4.150905509252875158e-01,3.268765478858781104e-01,-7.703848598835918438e-01,-6.465824596286279258e-02,0.000000000000000000e+00
5.019201872230804468e-02,4.053409234987453980e-01,-3.775269895128319231e-01,-6.805093697584995160e-01,-2.221008464323426523e-01,1.149945775099513873e-01,-4.157740849569220298e-01,3.279116891617324669e-01,-7.680240395916833052e-01,-6.188468028798646547e-02,0.000000000000000000e+00
4.840019035386135260e-02,4.049277704856234505e-01,-3.845882492532993746e-01,-6.789285145039606340e-01,-2.265887642304881266e-01,1.142684260268559820e-01,-4.167045261616208474e-01,3.306678602940684719e-01,-7.645817267549059881e-01,-5.890776459229545015e-02,0.000000000000000000e+00
4.774349819967074748e-02,4.046420368709964244e-01,-3.872139829210654027e-01,-6.776169173444581695e-01,-2.288042877986887769e-01,1.135316272143761934e-01,-4.164986264245769121e-01,3.318896733174232505e-01,-7.630218852479229152e-01,-5.784352359593959020e-02,0.000000000000000000e+00
4.652386378001779899e-02,4.039504246547402366e-01,-3.919191274777832912e-01,-6.736592582700896559e-01,-2.319067503580043155e-01,1.132328843545343383e-01,-4.166843002468472168e-01,3.341275481315296725e-01,-7.609456022666023500e-01,-5.563049030024089930e-02,0.000000000000000000e+00
4.575275569318072028e-02,4.038399767246877992e-01,-3.969304671894752778e-01,-6.701266346570133869e-01,-2.348964509077672846e-01,1.134671598539604559e-01,-4.163353824512301404e-01,3.351018330896843866e-01,-7.602464069636063471e-01,-5.362504033060791486e-02,0.000000000000000000e+00
4.494763439555636564e-02,4.027068425465711865e-01,-3.990411078195187922e-01,-6.661242500645452314e-01,-2.353776708607073220e-01,1.134404295253929329e-01,-4.162480549515562567e-01,3.360485483526799433e-01,-7.594751157249512996e-01,-5.244679415326093663e-02,0.000000000000000000e+00
4.405702878928521860e-02,4.017399505034808804e-01,-4.008657750262299424e-01,-6.605460918716687946e-01,-2.360965038878186650e-01,1.138100305807632079e-01,-4.157281617654076666e-01,3.372382460939994941e-01,-7.588730506524846708e-01,-5.084698681434131340e-02,0.000000000000000000e+00
4.350052601639866484e-02,4.013719313865100613e-01,-4.022692194032436719e-01,-6.581875838812510926e-01,-2.369946917204611703e-01,1.137113464102342264e-01,-4.156299408948821994e-01,3.374193199009208888e-01,-7.583582975546694360e-01,-4.955992137467985642e-02,0.000000000000000000e+00
4.335961633962587269e-02,4.009142303860900869e-01,-4.031959626063528757e-01,-6.571338262289843080e-01,-2.380492492133725602e-01,1.139816622070275037e-01,-4.159700355740593158e-01,3.379429189993115590e-01,-7.584844743911750564e-01,-4.831100891072423464e-02,0.000000000000000000e+00
4.345857092178050107e-02,4.007622221165979548e-01,-4.044813436420376940e-01,-6.568655786236708982e-01,-2.379936863426465044e-01,1.136985751590641885e-01,-4.162177144379490823e-01,3.384026304463898516e-01,-7.578214759745468543e-01,-4.757783818311111385e-02,0.000000000000000000e+00
4.338972585912764801e-02,4.005224749685972752e-01,-4.050686344141361528e-01,-6.572502768359342884e-01,-2.376591093724417514e-01,1.139438708391580929e-01,-4.165407337681053535e-01,3.389790810773092300e-01,-7.579916435697972021e-01,-4.725962275829156262e-02,0.000000000000000000e+00
4.324135658530466747e-02,4.001924229140548239e-01,-4.067490955596628766e-01,-6.569452465242918704e-01,-2.381135796475282451e-01,1.137133396232534316e-01,-4.168909412388172586e-01,3.398282036486620084e-01,-7.569852005199616540e-01,-4.603537777663849195e-02,0.000000000000000000e+00
4.329458936226516369e-02,3.999239327360661900e-01,-4.083809586536579772e-01,-6.572258110248415663e-01,-2.387579854778439370e-01,1.139427068225023765e-01,-4.171237942848217140e-01,3.406227556027118797e-01,-7.568684290021168160e-01,-4.509033564640035907e-02,0.000000000000000000e+00
4.274737303070270250e-02,3.995371723082198345e-01,-4.104412362737304143e-01,-6.561895093997319739e-01,-2.397055919614283215e-01,1.139545757100104278e-01,-4.173538234877561814e-01,3.419183319798205223e-01,-7.565433963762057124e-01,-4.422931556825886179e-02,0.000000000000000000e+00
4.270676433337201178e-02,3.991107621396300376e-01,-4.106965985192359558e-01,-6.565923875121756348e-01,-2.397894243522259161e-01,1.141384176022458147e-01,-4.174646637992633913e-01,3.425138638183088391e-01,-7.569008705235638068e-01,-4.357229208793549080e-02,0.000000000000000000e+00
4.612919060243947378e-02,3.982006969693761556e-01,-3.926642070453340572e-01,-6.638482733006377812e-01,-2.315306850418811513e-01,1.164554037582755108e-01,-4.155292958770443468e-01,3.408566007690705946e-01,-7.602070122427063703e-01,-4.620062999575950957e-02,0.000000000000000000e+00
